blast_furnace_slag__no_aplica,blast_furnace_slag__poco,blast_furnace_slag__medio,blast_furnace_slag__alto,fly_ash__no_aplica,fly_ash__poco,fly_ash__medio,fly_ash__alto,superplasticizer__no_aplica,superplasticizer__poco,superplasticizer__medio,superplasticizer__alto,age__muy_temprana,age__estandar,age__madura,age__largo_plazo,cement__poco,cement__medio,cement__alto,water__poco,water__medio,water__alto,coarse_aggregate__poco,coarse_aggregate__medio,coarse_aggregate__alto,fine_aggregate__poco,fine_aggregate__medio,fine_aggregate__alto,compressive_strength__baja,compressive_strength__media_baja,compressive_strength__media_alta,compressive_strength__alta
1.0,0.0,0.0,0.0,1.0,0.0,0.0,0.0,0.0,1.0,0.0,0.0,0.0,1.0,0.0,0.0,0.0,0.0,1.0,1.0,0.0,0.0,0.0,0.0,1.0,1.0,0.0,0.0,0.0,0.0,0.0,1.0
1.0,0.0,0.0,0.0,1.0,0.0,0.0,0.0,0.0,1.0,0.0,0.0,0.0,1.0,0.0,0.0,0.0,0.0,1.0,1.0,0.0,0.0,0.0,0.0,1.0,1.0,0.0,0.0,0.0,0.0,0.0,1.0
0.0,0.0,0.8017,0.1983,1.0,0.0,0.0,0.0,1.0,0.0,0.0,0.0,0.0,0.0,0.0,1.0,0.0,0.227,0.773,0.0,0.0,1.0,0.9474,0.0526,0.0,1.0,0.0,0.0,0.0,0.1487,0.8513,0.0
0.0,0.0,0.8017,0.1983,1.0,0.0,0.0,0.0,1.0,0.0,0.0,0.0,0.0,0.0,0.0,1.0,0.0,0.227,0.773,0.0,0.0,1.0,0.9474,0.0526,0.0,1.0,0.0,0.0,0.0,0.0967,0.9033,0.0
0.0,0.1122,0.8878,0.0,1.0,0.0,0.0,0.0,1.0,0.0,0.0,0.0,0.0,0.0,0.0,1.0,1.0,0.0,0.0,0.0,0.5333,0.4667,0.0,0.8323,0.1677,0.0,0.0,1.0,0.0,0.0,0.856,0.144
0.0,0.7381,0.2619,0.0,1.0,0.0,0.0,0.0,1.0,0.0,0.0,0.0,0.0,0.0,0.0,1.0,0.0947,0.9053,0.0,0.0,0.0,1.0,0.9474,0.0526,0.0,1.0,0.0,0.0,0.0,0.0,0.6376,0.3624
0.0,1.0,0.0,0.0,1.0,0.0,0.0,0.0,1.0,0.0,0.0,0.0,0.0,0.0,0.0,1.0,0.0,0.0,1.0,0.0,0.0,1.0,0.9474,0.0526,0.0,1.0,0.0,0.0,0.0,0.0,0.904,0.096
0.0,1.0,0.0,0.0,1.0,0.0,0.0,0.0,1.0,0.0,0.0,0.0,0.0,1.0,0.0,0.0,0.0,0.0,1.0,0.0,0.0,1.0,0.9474,0.0526,0.0,1.0,0.0,0.0,0.0,0.4033,0.5967,0.0
0.0,0.7381,0.2619,0.0,1.0,0.0,0.0,0.0,1.0,0.0,0.0,0.0,0.0,1.0,0.0,0.0,0.0947,0.9053,0.0,0.0,0.0,1.0,0.9474,0.0526,0.0,1.0,0.0,0.0,0.0,0.0,0.732,0.268
1.0,0.0,0.0,0.0,1.0,0.0,0.0,0.0,1.0,0.0,0.0,0.0,0.0,1.0,0.0,0.0,0.0,0.0,1.0,0.0,0.0,1.0,0.9474,0.0526,0.0,1.0,0.0,0.0,0.0,0.214,0.786,0.0
0.0,0.1122,0.8878,0.0,1.0,0.0,0.0,0.0,1.0,0.0,0.0,0.0,0.0,0.0,0.0,1.0,1.0,0.0,0.0,0.0,0.5333,0.4667,0.0,0.8323,0.1677,0.0,0.0,1.0,0.0,0.2953,0.7047,0.0
0.0,0.1122,0.8878,0.0,1.0,0.0,0.0,0.0,1.0,0.0,0.0,0.0,0.0,1.0,0.0,0.0,1.0,0.0,0.0,0.0,0.5333,0.4667,0.0,0.8323,0.1677,0.0,0.0,1.0,0.0,0.9653,0.0347,0.0
0.0,1.0,0.0,0.0,1.0,0.0,0.0,0.0,1.0,0.0,0.0,0.0,0.0,0.0,0.0,1.0,0.0,0.0,1.0,0.0,0.0,1.0,0.9474,0.0526,0.0,1.0,0.0,0.0,0.0,0.0,0.9592,0.0408
0.0,0.0,0.0,1.0,1.0,0.0,0.0,0.0,1.0,0.0,0.0,0.0,0.0,0.0,0.0,1.0,1.0,0.0,0.0,0.0,0.0,1.0,0.9474,0.0526,0.0,1.0,0.0,0.0,0.0,0.0113,0.9887,0.0
0.0,1.0,0.0,0.0,1.0,0.0,0.0,0.0,1.0,0.0,0.0,0.0,0.0,1.0,0.0,0.0,0.0,0.5966,0.4034,0.0,0.0,1.0,0.9474,0.0526,0.0,1.0,0.0,0.0,0.0,0.0,0.5752,0.4248
1.0,0.0,0.0,0.0,1.0,0.0,0.0,0.0,1.0,0.0,0.0,0.0,0.0,0.0,0.0,1.0,0.0,0.0,1.0,0.0,0.0,1.0,0.9474,0.0526,0.0,1.0,0.0,0.0,0.0,0.0,0.1672,0.8328
0.0,0.0,0.0,1.0,1.0,0.0,0.0,0.0,1.0,0.0,0.0,0.0,0.0,0.0,0.0,1.0,1.0,0.0,0.0,0.0,0.5333,0.4667,0.0,0.0,1.0,0.0,0.3978,0.6022,0.0,0.2093,0.7907,0.0
0.0,1.0,0.0,0.0,1.0,0.0,0.0,0.0,1.0,0.0,0.0,0.0,0.0,0.0,0.0,1.0,0.0,0.1038,0.8962,0.0,0.0,1.0,0.9474,0.0526,0.0,1.0,0.0,0.0,0.0,0.0,0.0,1.0
0.0,1.0,0.0,0.0,1.0,0.0,0.0,0.0,1.0,0.0,0.0,0.0,0.0,0.0,0.0,1.0,0.0,0.0,1.0,0.0,0.0,1.0,0.9474,0.0526,0.0,1.0,0.0,0.0,0.0,0.1293,0.8707,0.0
1.0,0.0,0.0,0.0,1.0,0.0,0.0,0.0,1.0,0.0,0.0,0.0,0.0,0.0,0.0,1.0,0.0,0.0,1.0,0.0,0.0,1.0,0.9474,0.0526,0.0,1.0,0.0,0.0,0.0,0.0,0.9904,0.0096
0.0,1.0,0.0,0.0,1.0,0.0,0.0,0.0,1.0,0.0,0.0,0.0,0.0,0.0,0.0,1.0,0.0,0.0,1.0,0.0,0.0,1.0,0.9474,0.0526,0.0,1.0,0.0,0.0,0.0,0.044,0.956,0.0
0.0,0.0,0.0,1.0,1.0,0.0,0.0,0.0,1.0,0.0,0.0,0.0,0.0,1.0,0.0,0.0,1.0,0.0,0.0,0.0,0.5333,0.4667,0.0,0.0,1.0,0.0,0.3978,0.6022,0.0,0.9507,0.0493,0.0
0.0,0.0,0.0,1.0,1.0,0.0,0.0,0.0,1.0,0.0,0.0,0.0,1.0,0.0,0.0,0.0,1.0,0.0,0.0,0.0,0.5333,0.4667,0.0,0.0,1.0,0.0,0.3978,0.6022,1.0,0.0,0.0,0.0
0.0,0.0,0.0,1.0,1.0,0.0,0.0,0.0,1.0,0.0,0.0,0.0,0.0,0.0,0.0,1.0,1.0,0.0,0.0,0.0,0.5333,0.4667,0.0,0.0,1.0,0.0,0.3978,0.6022,0.0,0.0,0.8632,0.1368
1.0,0.0,0.0,0.0,1.0,0.0,0.0,0.0,1.0,0.0,0.0,0.0,0.0,0.0,0.0,1.0,0.0,0.0,1.0,0.0,0.0,1.0,0.9474,0.0526,0.0,1.0,0.0,0.0,0.0,0.0,0.1984,0.8016
1.0,0.0,0.0,0.0,1.0,0.0,0.0,0.0,1.0,0.0,0.0,0.0,0.0,0.0,0.0,1.0,0.0,0.0,1.0,0.0,0.0,1.0,0.9474,0.0526,0.0,1.0,0.0,0.0,0.0,0.0,0.136,0.864
0.0,1.0,0.0,0.0,1.0,0.0,0.0,0.0,1.0,0.0,0.0,0.0,0.0,0.0,0.0,1.0,0.0,0.0,1.0,0.0,0.0,1.0,0.9474,0.0526,0.0,1.0,0.0,0.0,0.0,0.09,0.91,0.0
0.0,1.0,0.0,0.0,1.0,0.0,0.0,0.0,1.0,0.0,0.0,0.0,0.0,0.0,0.0,1.0,0.0,0.1038,0.8962,0.0,0.0,1.0,0.9474,0.0526,0.0,1.0,0.0,0.0,0.0,0.0,0.2304,0.7696
0.0,1.0,0.0,0.0,1.0,0.0,0.0,0.0,1.0,0.0,0.0,0.0,0.0,1.0,0.0,0.0,0.0,0.0,1.0,0.0,0.0,1.0,0.9474,0.0526,0.0,1.0,0.0,0.0,0.0,0.338,0.662,0.0
1.0,0.0,0.0,0.0,1.0,0.0,0.0,0.0,1.0,0.0,0.0,0.0,1.0,0.0,0.0,0.0,0.0,0.0,1.0,0.0,0.0,1.0,0.9474,0.0526,0.0,1.0,0.0,0.0,0.0,0.26,0.74,0.0
0.0,1.0,0.0,0.0,1.0,0.0,0.0,0.0,1.0,0.0,0.0,0.0,0.0,0.0,0.0,1.0,0.0,0.5966,0.4034,0.0,0.0,1.0,0.9474,0.0526,0.0,1.0,0.0,0.0,0.0,0.0,0.0,1.0
0.0,0.7381,0.2619,0.0,1.0,0.0,0.0,0.0,1.0,0.0,0.0,0.0,0.0,0.0,0.0,1.0,0.0947,0.9053,0.0,0.0,0.0,1.0,0.9474,0.0526,0.0,1.0,0.0,0.0,0.0,0.0,0.1672,0.8328
0.0,0.1122,0.8878,0.0,1.0,0.0,0.0,0.0,1.0,0.0,0.0,0.0,0.0,0.0,0.0,1.0,1.0,0.0,0.0,0.0,0.5333,0.4667,0.0,0.8323,0.1677,0.0,0.0,1.0,0.0,0.052,0.948,0.0
1.0,0.0,0.0,0.0,1.0,0.0,0.0,0.0,1.0,0.0,0.0,0.0,0.0,0.0,0.0,1.0,0.0,0.0,1.0,0.0,0.0,1.0,0.9474,0.0526,0.0,1.0,0.0,0.0,0.0,0.0247,0.9753,0.0
0.0,0.0,0.0,1.0,1.0,0.0,0.0,0.0,1.0,0.0,0.0,0.0,0.0,0.0,0.0,1.0,1.0,0.0,0.0,0.0,0.0,1.0,0.9474,0.0526,0.0,1.0,0.0,0.0,0.0,0.0,0.1048,0.8952
0.0,0.0,0.0,1.0,1.0,0.0,0.0,0.0,1.0,0.0,0.0,0.0,0.0,0.0,0.0,1.0,0.4856,0.5144,0.0,0.0,0.0,1.0,0.9474,0.0526,0.0,1.0,0.0,0.0,0.0,0.2727,0.7273,0.0
0.0,0.0,0.0,1.0,1.0,0.0,0.0,0.0,1.0,0.0,0.0,0.0,0.0,1.0,0.0,0.0,0.4856,0.5144,0.0,0.0,0.0,1.0,0.9474,0.0526,0.0,1.0,0.0,0.0,0.0,0.828,0.172,0.0
0.0,0.0,0.8017,0.1983,1.0,0.0,0.0,0.0,1.0,0.0,0.0,0.0,0.0,0.0,0.0,1.0,0.0,0.227,0.773,0.0,0.0,1.0,0.9474,0.0526,0.0,1.0,0.0,0.0,0.0,0.3187,0.6813,0.0
1.0,0.0,0.0,0.0,1.0,0.0,0.0,0.0,1.0,0.0,0.0,0.0,0.0,0.0,0.0,1.0,0.0,0.0,1.0,0.0,0.0,1.0,0.9474,0.0526,0.0,1.0,0.0,0.0,0.0,0.018,0.982,0.0
0.0,0.0,0.0,1.0,1.0,0.0,0.0,0.0,1.0,0.0,0.0,0.0,0.0,0.0,0.0,1.0,0.4856,0.5144,0.0,0.0,0.0,1.0,0.9474,0.0526,0.0,1.0,0.0,0.0,0.0,0.4167,0.5833,0.0
0.0,1.0,0.0,0.0,1.0,0.0,0.0,0.0,1.0,0.0,0.0,0.0,0.0,0.0,0.0,1.0,0.0,0.1038,0.8962,0.0,0.0,1.0,0.9474,0.0526,0.0,1.0,0.0,0.0,0.0,0.0,0.3632,0.6368
0.0,1.0,0.0,0.0,1.0,0.0,0.0,0.0,1.0,0.0,0.0,0.0,0.0,0.0,0.0,1.0,0.0,0.0,1.0,0.0,0.0,1.0,0.9474,0.0526,0.0,1.0,0.0,0.0,0.0,0.0,0.904,0.096
0.0,0.0,0.0,1.0,1.0,0.0,0.0,0.0,1.0,0.0,0.0,0.0,0.0,0.0,0.0,1.0,0.4856,0.5144,0.0,0.0,0.0,1.0,0.9474,0.0526,0.0,1.0,0.0,0.0,0.0,0.2333,0.7667,0.0
1.0,0.0,0.0,0.0,1.0,0.0,0.0,0.0,1.0,0.0,0.0,0.0,0.0,0.0,0.0,1.0,0.0,0.0,1.0,0.0,0.0,1.0,0.9474,0.0526,0.0,1.0,0.0,0.0,0.0,0.0,0.152,0.848
0.0,1.0,0.0,0.0,1.0,0.0,0.0,0.0,1.0,0.0,0.0,0.0,0.0,0.0,0.0,1.0,0.0,0.0,1.0,0.0,0.0,1.0,0.9474,0.0526,0.0,1.0,0.0,0.0,0.0,0.064,0.936,0.0
0.0,1.0,0.0,0.0,1.0,0.0,0.0,0.0,1.0,0.0,0.0,0.0,1.0,0.0,0.0,0.0,0.0,0.0,1.0,0.0,0.0,1.0,0.9474,0.0526,0.0,1.0,0.0,0.0,0.0,0.4947,0.5053,0.0
1.0,0.0,0.0,0.0,1.0,0.0,0.0,0.0,1.0,0.0,0.0,0.0,1.0,0.0,0.0,0.0,0.0,0.013,0.987,0.0,0.5333,0.4667,0.0,0.0,1.0,0.0,0.3978,0.6022,0.996,0.004,0.0,0.0
0.0,1.0,0.0,0.0,1.0,0.0,0.0,0.0,1.0,0.0,0.0,0.0,0.0,0.0,0.0,1.0,0.0,0.0,1.0,0.0,0.0,1.0,0.9474,0.0526,0.0,1.0,0.0,0.0,0.0,0.116,0.884,0.0
0.0,0.0,0.0,1.0,1.0,0.0,0.0,0.0,1.0,0.0,0.0,0.0,1.0,0.0,0.0,0.0,0.4856,0.5144,0.0,0.0,0.0,1.0,0.9474,0.0526,0.0,1.0,0.0,0.0,0.0992,0.9008,0.0,0.0
0.0,1.0,0.0,0.0,1.0,0.0,0.0,0.0,1.0,0.0,0.0,0.0,1.0,0.0,0.0,0.0,0.0,0.0,1.0,0.0,0.0,1.0,0.9474,0.0526,0.0,1.0,0.0,0.0,0.0,0.6453,0.3547,0.0
0.0,0.0,0.8017,0.1983,1.0,0.0,0.0,0.0,1.0,0.0,0.0,0.0,0.0,0.0,0.0,1.0,0.0,0.227,0.773,0.0,0.0,1.0,0.9474,0.0526,0.0,1.0,0.0,0.0,0.0,0.1813,0.8187,0.0
0.0,0.0,0.0,1.0,1.0,0.0,0.0,0.0,1.0,0.0,0.0,0.0,0.0,0.0,0.0,1.0,1.0,0.0,0.0,0.0,0.0,1.0,0.9474,0.0526,0.0,1.0,0.0,0.0,0.0,0.0,0.6456,0.3544
0.0,0.0,0.0,1.0,1.0,0.0,0.0,0.0,1.0,0.0,0.0,0.0,0.0,0.0,0.0,1.0,0.4856,0.5144,0.0,0.0,0.0,1.0,0.9474,0.0526,0.0,1.0,0.0,0.0,0.0,0.6253,0.3747,0.0
0.0,1.0,0.0,0.0,1.0,0.0,0.0,0.0,1.0,0.0,0.0,0.0,0.0,0.0,0.0,1.0,0.0,0.5966,0.4034,0.0,0.0,1.0,0.9474,0.0526,0.0,1.0,0.0,0.0,0.0,0.0,0.4648,0.5352
0.0,0.0,0.0,1.0,1.0,0.0,0.0,0.0,1.0,0.0,0.0,0.0,1.0,0.0,0.0,0.0,1.0,0.0,0.0,0.0,0.5333,0.4667,0.0,0.0,1.0,0.0,0.3978,0.6022,1.0,0.0,0.0,0.0
0.0,0.1122,0.8878,0.0,1.0,0.0,0.0,0.0,1.0,0.0,0.0,0.0,1.0,0.0,0.0,0.0,1.0,0.0,0.0,0.0,0.5333,0.4667,0.0,0.8323,0.1677,0.0,0.0,1.0,1.0,0.0,0.0,0.0
1.0,0.0,0.0,0.0,1.0,0.0,0.0,0.0,1.0,0.0,0.0,0.0,0.0,0.0,0.0,1.0,0.0,0.0,1.0,0.0,0.0,1.0,0.9474,0.0526,0.0,1.0,0.0,0.0,0.0,0.038,0.962,0.0
0.0,0.1122,0.8878,0.0,1.0,0.0,0.0,0.0,1.0,0.0,0.0,0.0,1.0,0.0,0.0,0.0,1.0,0.0,0.0,0.0,0.5333,0.4667,0.0,0.8323,0.1677,0.0,0.0,1.0,1.0,0.0,0.0,0.0
0.0,1.0,0.0,0.0,1.0,0.0,0.0,0.0,1.0,0.0,0.0,0.0,0.0,0.0,0.0,1.0,0.0,0.5966,0.4034,0.0,0.0,1.0,0.9474,0.0526,0.0,1.0,0.0,0.0,0.0,0.0,0.324,0.676
0.0,0.0,0.8017,0.1983,1.0,0.0,0.0,0.0,1.0,0.0,0.0,0.0,0.0,1.0,0.0,0.0,0.0,0.227,0.773,0.0,0.0,1.0,0.9474,0.0526,0.0,1.0,0.0,0.0,0.0,0.632,0.368,0.0
0.0,1.0,0.0,0.0,1.0,0.0,0.0,0.0,1.0,0.0,0.0,0.0,0.0,0.0,0.0,1.0,0.0,0.5966,0.4034,0.0,0.0,1.0,0.9474,0.0526,0.0,1.0,0.0,0.0,0.0,0.0,0.0496,0.9504
0.0,0.7381,0.2619,0.0,1.0,0.0,0.0,0.0,1.0,0.0,0.0,0.0,0.0,0.0,0.0,1.0,0.0947,0.9053,0.0,0.0,0.0,1.0,0.9474,0.0526,0.0,1.0,0.0,0.0,0.0,0.0,0.2616,0.7384
1.0,0.0,0.0,0.0,1.0,0.0,0.0,0.0,1.0,0.0,0.0,0.0,1.0,0.0,0.0,0.0,0.0,0.5188,0.4812,0.0,0.5333,0.4667,0.0,0.9516,0.0484,0.0,0.0,1.0,1.0,0.0,0.0,0.0
0.0,0.0,0.0,1.0,1.0,0.0,0.0,0.0,1.0,0.0,0.0,0.0,0.0,0.0,0.0,1.0,1.0,0.0,0.0,0.0,0.0,1.0,0.9474,0.0526,0.0,1.0,0.0,0.0,0.0,0.0,0.3472,0.6528
0.0,0.7381,0.2619,0.0,1.0,0.0,0.0,0.0,1.0,0.0,0.0,0.0,0.0,0.0,0.0,1.0,0.0947,0.9053,0.0,0.0,0.0,1.0,0.9474,0.0526,0.0,1.0,0.0,0.0,0.0,0.0,0.504,0.496
0.0,1.0,0.0,0.0,1.0,0.0,0.0,0.0,1.0,0.0,0.0,0.0,0.0,0.0,0.0,1.0,0.0,0.1038,0.8962,0.0,0.0,1.0,0.9474,0.0526,0.0,1.0,0.0,0.0,0.0,0.0,0.0,1.0
0.0,0.0,0.0,1.0,1.0,0.0,0.0,0.0,1.0,0.0,0.0,0.0,0.0,0.0,0.0,1.0,1.0,0.0,0.0,0.0,0.5333,0.4667,0.0,0.0,1.0,0.0,0.3978,0.6022,0.0,0.0,0.824,0.176
0.0,0.0,0.8017,0.1983,1.0,0.0,0.0,0.0,1.0,0.0,0.0,0.0,1.0,0.0,0.0,0.0,0.0,0.227,0.773,0.0,0.0,1.0,0.9474,0.0526,0.0,1.0,0.0,0.0,0.0,0.8147,0.1853,0.0
0.0,0.0,0.0,1.0,1.0,0.0,0.0,0.0,1.0,0.0,0.0,0.0,0.0,1.0,0.0,0.0,1.0,0.0,0.0,0.0,0.0,1.0,0.9474,0.0526,0.0,1.0,0.0,0.0,0.0,0.1093,0.8907,0.0
1.0,0.0,0.0,0.0,1.0,0.0,0.0,0.0,1.0,0.0,0.0,0.0,0.0,1.0,0.0,0.0,0.0,0.0,1.0,1.0,0.0,0.0,0.0,0.0,1.0,0.0,0.5495,0.4505,0.0,0.0,0.0,1.0
0.0,0.0,0.0,1.0,1.0,0.0,0.0,0.0,0.0,0.0,0.5625,0.4375,1.0,0.0,0.0,0.0,0.0,0.0,1.0,0.745,0.255,0.0,1.0,0.0,0.0,0.4606,0.5394,0.0,0.0,0.54,0.46,0.0
0.0,0.0,0.0,1.0,1.0,0.0,0.0,0.0,0.0,0.5,0.5,0.0,1.0,0.0,0.0,0.0,0.0,0.476,0.524,0.475,0.525,0.0,0.0,0.0,1.0,1.0,0.0,0.0,0.0,0.9133,0.0867,0.0
0.0,1.0,0.0,0.0,1.0,0.0,0.0,0.0,0.0,0.0,0.0,1.0,1.0,0.0,0.0,0.0,0.0,0.0,1.0,1.0,0.0,0.0,1.0,0.0,0.0,0.0,0.0,1.0,0.0,0.6067,0.3933,0.0
0.0,1.0,0.0,0.0,1.0,0.0,0.0,0.0,0.0,0.0,0.0,1.0,1.0,0.0,0.0,0.0,0.0,0.0,1.0,1.0,0.0,0.0,0.8421,0.1579,0.0,0.0,0.4681,0.5319,0.0,0.4133,0.5867,0.0
0.0,1.0,0.0,0.0,1.0,0.0,0.0,0.0,0.0,0.0,0.0,1.0,1.0,0.0,0.0,0.0,0.0,0.0,1.0,1.0,0.0,0.0,1.0,0.0,0.0,0.0,0.0,1.0,0.0,0.9,0.1,0.0
0.0,0.5748,0.4252,0.0,1.0,0.0,0.0,0.0,0.0,0.3125,0.6875,0.0,1.0,0.0,0.0,0.0,0.0,0.0,1.0,0.195,0.805,0.0,1.0,0.0,0.0,0.0,0.956,0.044,0.0,0.3133,0.6867,0.0
0.0,0.6293,0.3707,0.0,1.0,0.0,0.0,0.0,0.0,0.0,0.0,1.0,1.0,0.0,0.0,0.0,0.0,0.0,1.0,1.0,0.0,0.0,1.0,0.0,0.0,0.0,0.0,1.0,0.0,0.1533,0.8467,0.0
0.0,1.0,0.0,0.0,1.0,0.0,0.0,0.0,0.0,0.0,0.0,1.0,1.0,0.0,0.0,0.0,0.0,0.0,1.0,1.0,0.0,0.0,1.0,0.0,0.0,0.0,0.0,1.0,0.0,0.96,0.04,0.0
1.0,0.0,0.0,0.0,1.0,0.0,0.0,0.0,0.0,0.0,0.0,1.0,1.0,0.0,0.0,0.0,0.0,0.0,1.0,1.0,0.0,0.0,1.0,0.0,0.0,0.0,0.0,1.0,0.0,0.08,0.92,0.0
0.0,0.0,0.0,1.0,1.0,0.0,0.0,0.0,0.0,0.0,0.0,1.0,1.0,0.0,0.0,0.0,0.0,0.4047,0.5953,1.0,0.0,0.0,1.0,0.0,0.0,0.0,0.0,1.0,0.184,0.816,0.0,0.0
0.0,1.0,0.0,0.0,1.0,0.0,0.0,0.0,0.0,0.0,0.0,1.0,1.0,0.0,0.0,0.0,0.0,0.0,1.0,1.0,0.0,0.0,0.5579,0.4421,0.0,0.0,0.0,1.0,0.0,0.0933,0.9067,0.0
0.0,0.0,0.0,1.0,1.0,0.0,0.0,0.0,0.0,0.0,0.0,1.0,1.0,0.0,0.0,0.0,0.0,0.0,1.0,1.0,0.0,0.0,0.6132,0.3868,0.0,0.4788,0.5212,0.0,0.0,0.48,0.52,0.0
0.0,0.0,0.0,1.0,1.0,0.0,0.0,0.0,0.0,0.0,0.4375,0.5625,1.0,0.0,0.0,0.0,0.0,0.3411,0.6589,0.06,0.94,0.0,0.6658,0.3342,0.0,1.0,0.0,0.0,0.0,0.9467,0.0533,0.0
0.0,0.0,0.5481,0.4519,1.0,0.0,0.0,0.0,0.0,0.0,0.0,1.0,1.0,0.0,0.0,0.0,0.0,0.0,1.0,1.0,0.0,0.0,0.0,0.0,1.0,1.0,0.0,0.0,0.0,0.9267,0.0733,0.0
0.0,0.0,0.0,1.0,1.0,0.0,0.0,0.0,0.0,0.0,0.0,1.0,1.0,0.0,0.0,0.0,0.0,0.8262,0.1738,1.0,0.0,0.0,0.0,0.4097,0.5903,0.0,0.4681,0.5319,0.248,0.752,0.0,0.0
0.0,0.0,0.0,1.0,1.0,0.0,0.0,0.0,0.0,0.0,0.0,1.0,1.0,0.0,0.0,0.0,0.0,0.0,1.0,0.0,0.9333,0.0667,1.0,0.0,0.0,1.0,0.0,0.0,0.0,0.2133,0.7867,0.0
0.0,0.0,0.0,1.0,1.0,0.0,0.0,0.0,0.0,0.0,0.0,1.0,1.0,0.0,0.0,0.0,0.0,0.0,1.0,1.0,0.0,0.0,0.6132,0.3868,0.0,0.4788,0.5212,0.0,0.0,0.1267,0.8733,0.0
0.0,0.0,0.0,1.0,1.0,0.0,0.0,0.0,0.0,0.0,0.9375,0.0625,1.0,0.0,0.0,0.0,0.0,0.1569,0.8431,0.505,0.495,0.0,0.6132,0.3868,0.0,0.4788,0.5212,0.0,0.272,0.728,0.0,0.0
0.0,0.0,0.0,1.0,1.0,0.0,0.0,0.0,0.0,0.0,0.5625,0.4375,1.0,0.0,0.0,0.0,0.0,0.0,1.0,0.745,0.255,0.0,1.0,0.0,0.0,0.4606,0.5394,0.0,0.0,0.0,0.704,0.296
0.0,0.0,0.0,1.0,1.0,0.0,0.0,0.0,0.0,0.5,0.5,0.0,1.0,0.0,0.0,0.0,0.0,0.476,0.524,0.475,0.525,0.0,0.0,0.0,1.0,1.0,0.0,0.0,0.0,0.0,0.976,0.024
0.0,1.0,0.0,0.0,1.0,0.0,0.0,0.0,0.0,0.0,0.0,1.0,1.0,0.0,0.0,0.0,0.0,0.0,1.0,1.0,0.0,0.0,1.0,0.0,0.0,0.0,0.0,1.0,0.0,0.0,0.464,0.536
0.0,1.0,0.0,0.0,1.0,0.0,0.0,0.0,0.0,0.0,0.0,1.0,1.0,0.0,0.0,0.0,0.0,0.0,1.0,1.0,0.0,0.0,0.8421,0.1579,0.0,0.0,0.4681,0.5319,0.0,0.0,0.656,0.344
0.0,1.0,0.0,0.0,1.0,0.0,0.0,0.0,0.0,0.0,0.0,1.0,1.0,0.0,0.0,0.0,0.0,0.0,1.0,1.0,0.0,0.0,1.0,0.0,0.0,0.0,0.0,1.0,0.0,0.0,0.744,0.256
0.0,0.5748,0.4252,0.0,1.0,0.0,0.0,0.0,0.0,0.3125,0.6875,0.0,1.0,0.0,0.0,0.0,0.0,0.0,1.0,0.195,0.805,0.0,1.0,0.0,0.0,0.0,0.956,0.044,0.0,0.0,0.0,1.0
0.0,0.6293,0.3707,0.0,1.0,0.0,0.0,0.0,0.0,0.0,0.0,1.0,1.0,0.0,0.0,0.0,0.0,0.0,1.0,1.0,0.0,0.0,1.0,0.0,0.0,0.0,0.0,1.0,0.0,0.0,0.008,0.992
0.0,1.0,0.0,0.0,1.0,0.0,0.0,0.0,0.0,0.0,0.0,1.0,1.0,0.0,0.0,0.0,0.0,0.0,1.0,1.0,0.0,0.0,1.0,0.0,0.0,0.0,0.0,1.0,0.0,0.5067,0.4933,0.0
1.0,0.0,0.0,0.0,1.0,0.0,0.0,0.0,0.0,0.0,0.0,1.0,1.0,0.0,0.0,0.0,0.0,0.0,1.0,1.0,0.0,0.0,1.0,0.0,0.0,0.0,0.0,1.0,0.0,0.0,0.648,0.352
0.0,0.0,0.0,1.0,1.0,0.0,0.0,0.0,0.0,0.0,0.0,1.0,1.0,0.0,0.0,0.0,0.0,0.4047,0.5953,1.0,0.0,0.0,1.0,0.0,0.0,0.0,0.0,1.0,0.0,0.6067,0.3933,0.0
0.0,1.0,0.0,0.0,1.0,0.0,0.0,0.0,0.0,0.0,0.0,1.0,1.0,0.0,0.0,0.0,0.0,0.0,1.0,1.0,0.0,0.0,0.5579,0.4421,0.0,0.0,0.0,1.0,0.0,0.0,0.072,0.928
0.0,0.0,0.0,1.0,1.0,0.0,0.0,0.0,0.0,0.0,0.0,1.0,1.0,0.0,0.0,0.0,0.0,0.0,1.0,1.0,0.0,0.0,0.6132,0.3868,0.0,0.4788,0.5212,0.0,0.0,0.0,0.0,1.0
0.0,0.0,0.0,1.0,1.0,0.0,0.0,0.0,0.0,0.0,0.4375,0.5625,1.0,0.0,0.0,0.0,0.0,0.3411,0.6589,0.06,0.94,0.0,0.6658,0.3342,0.0,1.0,0.0,0.0,0.0,0.0,0.416,0.584
0.0,0.0,0.5481,0.4519,1.0,0.0,0.0,0.0,0.0,0.0,0.0,1.0,1.0,0.0,0.0,0.0,0.0,0.0,1.0,1.0,0.0,0.0,0.0,0.0,1.0,1.0,0.0,0.0,0.0,0.0,0.632,0.368
0.0,0.0,0.0,1.0,1.0,0.0,0.0,0.0,0.0,0.0,0.0,1.0,1.0,0.0,0.0,0.0,0.0,0.8262,0.1738,1.0,0.0,0.0,0.0,0.4097,0.5903,0.0,0.4681,0.5319,0.0,0.3,0.7,0.0
0.0,0.0,0.0,1.0,1.0,0.0,0.0,0.0,0.0,0.0,0.0,1.0,1.0,0.0,0.0,0.0,0.0,0.0,1.0,0.0,0.9333,0.0667,1.0,0.0,0.0,1.0,0.0,0.0,0.0,0.0,0.0,1.0
0.0,0.0,0.0,1.0,1.0,0.0,0.0,0.0,0.0,0.0,0.0,1.0,1.0,0.0,0.0,0.0,0.0,0.0,1.0,1.0,0.0,0.0,0.6132,0.3868,0.0,0.4788,0.5212,0.0,0.0,0.0,0.0,1.0
0.0,0.0,0.0,1.0,1.0,0.0,0.0,0.0,0.0,0.0,0.0,1.0,1.0,0.0,0.0,0.0,0.0,0.0,1.0,1.0,0.0,0.0,0.6132,0.3868,0.0,0.4788,0.5212,0.0,0.368,0.632,0.0,0.0
0.0,0.0,0.0,1.0,1.0,0.0,0.0,0.0,0.0,0.0,0.9375,0.0625,1.0,0.0,0.0,0.0,0.0,0.1569,0.8431,0.505,0.495,0.0,0.6132,0.3868,0.0,0.4788,0.5212,0.0,0.0,0.4933,0.5067,0.0
0.0,0.0,0.0,1.0,1.0,0.0,0.0,0.0,0.0,0.0,0.5625,0.4375,0.0,1.0,0.0,0.0,0.0,0.0,1.0,0.745,0.255,0.0,1.0,0.0,0.0,0.4606,0.5394,0.0,0.0,0.0,0.0,1.0
0.0,0.0,0.0,1.0,1.0,0.0,0.0,0.0,0.0,0.5,0.5,0.0,0.0,1.0,0.0,0.0,0.0,0.476,0.524,0.475,0.525,0.0,0.0,0.0,1.0,1.0,0.0,0.0,0.0,0.0,0.0,1.0
0.0,1.0,0.0,0.0,1.0,0.0,0.0,0.0,0.0,0.0,0.0,1.0,0.0,1.0,0.0,0.0,0.0,0.0,1.0,1.0,0.0,0.0,1.0,0.0,0.0,0.0,0.0,1.0,0.0,0.0,0.0,1.0
0.0,1.0,0.0,0.0,1.0,0.0,0.0,0.0,0.0,0.0,0.0,1.0,0.0,1.0,0.0,0.0,0.0,0.0,1.0,1.0,0.0,0.0,0.8421,0.1579,0.0,0.0,0.4681,0.5319,0.0,0.0,0.0,1.0
0.0,1.0,0.0,0.0,1.0,0.0,0.0,0.0,0.0,0.0,0.0,1.0,0.0,1.0,0.0,0.0,0.0,0.0,1.0,1.0,0.0,0.0,1.0,0.0,0.0,0.0,0.0,1.0,0.0,0.0,0.0,1.0
0.0,0.5748,0.4252,0.0,1.0,0.0,0.0,0.0,0.0,0.3125,0.6875,0.0,0.0,1.0,0.0,0.0,0.0,0.0,1.0,0.195,0.805,0.0,1.0,0.0,0.0,0.0,0.956,0.044,0.0,0.0,0.0,1.0
0.0,0.6293,0.3707,0.0,1.0,0.0,0.0,0.0,0.0,0.0,0.0,1.0,0.0,1.0,0.0,0.0,0.0,0.0,1.0,1.0,0.0,0.0,1.0,0.0,0.0,0.0,0.0,1.0,0.0,0.0,0.0,1.0
0.0,1.0,0.0,0.0,1.0,0.0,0.0,0.0,0.0,0.0,0.0,1.0,0.0,1.0,0.0,0.0,0.0,0.0,1.0,1.0,0.0,0.0,1.0,0.0,0.0,0.0,0.0,1.0,0.0,0.0,0.344,0.656
1.0,0.0,0.0,0.0,1.0,0.0,0.0,0.0,0.0,0.0,0.0,1.0,0.0,1.0,0.0,0.0,0.0,0.0,1.0,1.0,0.0,0.0,1.0,0.0,0.0,0.0,0.0,1.0,0.0,0.0,0.0,1.0
0.0,0.0,0.0,1.0,1.0,0.0,0.0,0.0,0.0,0.0,0.0,1.0,0.0,1.0,0.0,0.0,0.0,0.4047,0.5953,1.0,0.0,0.0,1.0,0.0,0.0,0.0,0.0,1.0,0.0,0.0,0.0,1.0
0.0,1.0,0.0,0.0,1.0,0.0,0.0,0.0,0.0,0.0,0.0,1.0,0.0,1.0,0.0,0.0,0.0,0.0,1.0,1.0,0.0,0.0,0.5579,0.4421,0.0,0.0,0.0,1.0,0.0,0.0,0.0,1.0
0.0,0.0,0.0,1.0,1.0,0.0,0.0,0.0,0.0,0.0,0.0,1.0,0.0,1.0,0.0,0.0,0.0,0.0,1.0,1.0,0.0,0.0,0.6132,0.3868,0.0,0.4788,0.5212,0.0,0.0,0.0,0.0,1.0
0.0,0.0,0.0,1.0,1.0,0.0,0.0,0.0,0.0,0.0,0.4375,0.5625,0.0,1.0,0.0,0.0,0.0,0.3411,0.6589,0.06,0.94,0.0,0.6658,0.3342,0.0,1.0,0.0,0.0,0.0,0.0,0.0,1.0
0.0,0.0,0.5481,0.4519,1.0,0.0,0.0,0.0,0.0,0.0,0.0,1.0,0.0,1.0,0.0,0.0,0.0,0.0,1.0,1.0,0.0,0.0,0.0,0.0,1.0,1.0,0.0,0.0,0.0,0.0,0.224,0.776
0.0,0.0,0.0,1.0,1.0,0.0,0.0,0.0,0.0,0.0,0.0,1.0,0.0,1.0,0.0,0.0,0.0,0.8262,0.1738,1.0,0.0,0.0,0.0,0.4097,0.5903,0.0,0.4681,0.5319,0.0,0.0,0.0,1.0
0.0,0.0,0.0,1.0,1.0,0.0,0.0,0.0,0.0,0.0,0.0,1.0,0.0,1.0,0.0,0.0,0.0,0.0,1.0,0.0,0.9333,0.0667,1.0,0.0,0.0,1.0,0.0,0.0,0.0,0.0,0.0,1.0
0.0,0.0,0.0,1.0,1.0,0.0,0.0,0.0,0.0,0.0,0.0,1.0,0.0,1.0,0.0,0.0,0.0,0.0,1.0,1.0,0.0,0.0,0.6132,0.3868,0.0,0.4788,0.5212,0.0,0.0,0.0,0.0,1.0
0.0,0.0,0.0,1.0,1.0,0.0,0.0,0.0,0.0,0.0,0.9375,0.0625,0.0,1.0,0.0,0.0,0.0,0.1569,0.8431,0.505,0.495,0.0,0.6132,0.3868,0.0,0.4788,0.5212,0.0,0.0,0.0,0.408,0.592
0.0,0.0,0.0,1.0,1.0,0.0,0.0,0.0,0.0,0.0,0.5625,0.4375,0.0,0.0,1.0,0.0,0.0,0.0,1.0,0.745,0.255,0.0,1.0,0.0,0.0,0.4606,0.5394,0.0,0.0,0.0,0.0,1.0
0.0,0.0,0.0,1.0,1.0,0.0,0.0,0.0,0.0,0.5,0.5,0.0,0.0,0.0,1.0,0.0,0.0,0.476,0.524,0.475,0.525,0.0,0.0,0.0,1.0,1.0,0.0,0.0,0.0,0.0,0.0,1.0
0.0,1.0,0.0,0.0,1.0,0.0,0.0,0.0,0.0,0.0,0.0,1.0,0.0,0.0,1.0,0.0,0.0,0.0,1.0,1.0,0.0,0.0,1.0,0.0,0.0,0.0,0.0,1.0,0.0,0.0,0.0,1.0
0.0,1.0,0.0,0.0,1.0,0.0,0.0,0.0,0.0,0.0,0.0,1.0,0.0,0.0,1.0,0.0,0.0,0.0,1.0,1.0,0.0,0.0,0.8421,0.1579,0.0,0.0,0.4681,0.5319,0.0,0.0,0.0,1.0
0.0,1.0,0.0,0.0,1.0,0.0,0.0,0.0,0.0,0.0,0.0,1.0,0.0,0.0,1.0,0.0,0.0,0.0,1.0,1.0,0.0,0.0,1.0,0.0,0.0,0.0,0.0,1.0,0.0,0.0,0.0,1.0
0.0,0.5748,0.4252,0.0,1.0,0.0,0.0,0.0,0.0,0.3125,0.6875,0.0,0.0,0.0,1.0,0.0,0.0,0.0,1.0,0.195,0.805,0.0,1.0,0.0,0.0,0.0,0.956,0.044,0.0,0.0,0.0,1.0
0.0,0.6293,0.3707,0.0,1.0,0.0,0.0,0.0,0.0,0.0,0.0,1.0,0.0,0.0,1.0,0.0,0.0,0.0,1.0,1.0,0.0,0.0,1.0,0.0,0.0,0.0,0.0,1.0,0.0,0.0,0.0,1.0
0.0,1.0,0.0,0.0,1.0,0.0,0.0,0.0,0.0,0.0,0.0,1.0,0.0,0.0,1.0,0.0,0.0,0.0,1.0,1.0,0.0,0.0,1.0,0.0,0.0,0.0,0.0,1.0,0.0,0.0,0.0,1.0
1.0,0.0,0.0,0.0,1.0,0.0,0.0,0.0,0.0,0.0,0.0,1.0,0.0,0.0,1.0,0.0,0.0,0.0,1.0,1.0,0.0,0.0,1.0,0.0,0.0,0.0,0.0,1.0,0.0,0.0,0.0,1.0
0.0,0.0,0.0,1.0,1.0,0.0,0.0,0.0,0.0,0.0,0.0,1.0,0.0,0.0,1.0,0.0,0.0,0.4047,0.5953,1.0,0.0,0.0,1.0,0.0,0.0,0.0,0.0,1.0,0.0,0.0,0.0,1.0
0.0,1.0,0.0,0.0,1.0,0.0,0.0,0.0,0.0,0.0,0.0,1.0,0.0,0.0,1.0,0.0,0.0,0.0,1.0,1.0,0.0,0.0,0.5579,0.4421,0.0,0.0,0.0,1.0,0.0,0.0,0.0,1.0
0.0,0.0,0.0,1.0,1.0,0.0,0.0,0.0,0.0,0.0,0.0,1.0,0.0,0.0,1.0,0.0,0.0,0.0,1.0,1.0,0.0,0.0,0.6132,0.3868,0.0,0.4788,0.5212,0.0,0.0,0.0,0.0,1.0
0.0,0.0,0.0,1.0,1.0,0.0,0.0,0.0,0.0,0.0,0.4375,0.5625,0.0,0.0,1.0,0.0,0.0,0.3411,0.6589,0.06,0.94,0.0,0.6658,0.3342,0.0,1.0,0.0,0.0,0.0,0.0,0.0,1.0
0.0,0.0,0.5481,0.4519,1.0,0.0,0.0,0.0,0.0,0.0,0.0,1.0,0.0,0.0,1.0,0.0,0.0,0.0,1.0,1.0,0.0,0.0,0.0,0.0,1.0,1.0,0.0,0.0,0.0,0.0,0.008,0.992
0.0,0.0,0.0,1.0,1.0,0.0,0.0,0.0,0.0,0.0,0.0,1.0,0.0,0.0,1.0,0.0,0.0,0.8262,0.1738,1.0,0.0,0.0,0.0,0.4097,0.5903,0.0,0.4681,0.5319,0.0,0.0,0.0,1.0
0.0,0.0,0.0,1.0,1.0,0.0,0.0,0.0,0.0,0.0,0.0,1.0,0.0,0.0,1.0,0.0,0.0,0.0,1.0,0.0,0.9333,0.0667,1.0,0.0,0.0,1.0,0.0,0.0,0.0,0.0,0.0,1.0
0.0,0.0,0.0,1.0,1.0,0.0,0.0,0.0,0.0,0.0,0.0,1.0,0.0,0.0,1.0,0.0,0.0,0.0,1.0,1.0,0.0,0.0,0.6132,0.3868,0.0,0.4788,0.5212,0.0,0.0,0.0,0.0,1.0
0.0,0.0,0.0,1.0,1.0,0.0,0.0,0.0,0.0,0.0,0.9375,0.0625,0.0,0.0,1.0,0.0,0.0,0.1569,0.8431,0.505,0.495,0.0,0.6132,0.3868,0.0,0.4788,0.5212,0.0,0.0,0.0,0.0,1.0
0.0,0.0,0.0,1.0,1.0,0.0,0.0,0.0,0.0,0.0,0.5625,0.4375,0.0,0.0,0.0,1.0,0.0,0.0,1.0,0.745,0.255,0.0,1.0,0.0,0.0,0.4606,0.5394,0.0,0.0,0.0,0.0,1.0
0.0,0.0,0.0,1.0,1.0,0.0,0.0,0.0,0.0,0.5,0.5,0.0,0.0,0.0,0.0,1.0,0.0,0.476,0.524,0.475,0.525,0.0,0.0,0.0,1.0,1.0,0.0,0.0,0.0,0.0,0.0,1.0
0.0,1.0,0.0,0.0,1.0,0.0,0.0,0.0,0.0,0.0,0.0,1.0,0.0,0.0,0.0,1.0,0.0,0.0,1.0,1.0,0.0,0.0,1.0,0.0,0.0,0.0,0.0,1.0,0.0,0.0,0.0,1.0
0.0,1.0,0.0,0.0,1.0,0.0,0.0,0.0,0.0,0.0,0.0,1.0,0.0,0.0,0.0,1.0,0.0,0.0,1.0,1.0,0.0,0.0,0.8421,0.1579,0.0,0.0,0.4681,0.5319,0.0,0.0,0.0,1.0
0.0,1.0,0.0,0.0,1.0,0.0,0.0,0.0,0.0,0.0,0.0,1.0,0.0,0.0,0.0,1.0,0.0,0.0,1.0,1.0,0.0,0.0,1.0,0.0,0.0,0.0,0.0,1.0,0.0,0.0,0.0,1.0
0.0,0.5748,0.4252,0.0,1.0,0.0,0.0,0.0,0.0,0.3125,0.6875,0.0,0.0,0.0,0.0,1.0,0.0,0.0,1.0,0.195,0.805,0.0,1.0,0.0,0.0,0.0,0.956,0.044,0.0,0.0,0.0,1.0
0.0,0.6293,0.3707,0.0,1.0,0.0,0.0,0.0,0.0,0.0,0.0,1.0,0.0,0.0,0.0,1.0,0.0,0.0,1.0,1.0,0.0,0.0,1.0,0.0,0.0,0.0,0.0,1.0,0.0,0.0,0.0,1.0
0.0,1.0,0.0,0.0,1.0,0.0,0.0,0.0,0.0,0.0,0.0,1.0,0.0,0.0,0.0,1.0,0.0,0.0,1.0,1.0,0.0,0.0,1.0,0.0,0.0,0.0,0.0,1.0,0.0,0.0,0.0,1.0
1.0,0.0,0.0,0.0,1.0,0.0,0.0,0.0,0.0,0.0,0.0,1.0,0.0,0.0,0.0,1.0,0.0,0.0,1.0,1.0,0.0,0.0,1.0,0.0,0.0,0.0,0.0,1.0,0.0,0.0,0.0,1.0
0.0,0.0,0.0,1.0,1.0,0.0,0.0,0.0,0.0,0.0,0.0,1.0,0.0,0.0,0.0,1.0,0.0,0.4047,0.5953,1.0,0.0,0.0,1.0,0.0,0.0,0.0,0.0,1.0,0.0,0.0,0.0,1.0
0.0,1.0,0.0,0.0,1.0,0.0,0.0,0.0,0.0,0.0,0.0,1.0,0.0,0.0,0.0,1.0,0.0,0.0,1.0,1.0,0.0,0.0,0.5579,0.4421,0.0,0.0,0.0,1.0,0.0,0.0,0.0,1.0
0.0,0.0,0.0,1.0,1.0,0.0,0.0,0.0,0.0,0.0,0.0,1.0,0.0,0.0,0.0,1.0,0.0,0.0,1.0,1.0,0.0,0.0,0.6132,0.3868,0.0,0.4788,0.5212,0.0,0.0,0.0,0.0,1.0
0.0,0.0,0.5481,0.4519,1.0,0.0,0.0,0.0,0.0,0.0,0.0,1.0,0.0,0.0,0.0,1.0,0.0,0.0,1.0,1.0,0.0,0.0,0.0,0.0,1.0,1.0,0.0,0.0,0.0,0.0,0.0,1.0
0.0,0.0,0.0,1.0,1.0,0.0,0.0,0.0,0.0,0.0,0.0,1.0,0.0,0.0,0.0,1.0,0.0,0.8262,0.1738,1.0,0.0,0.0,0.0,0.4097,0.5903,0.0,0.4681,0.5319,0.0,0.0,0.0,1.0
0.0,0.0,0.0,1.0,1.0,0.0,0.0,0.0,0.0,0.0,0.0,1.0,0.0,0.0,0.0,1.0,0.0,0.0,1.0,0.0,0.9333,0.0667,1.0,0.0,0.0,1.0,0.0,0.0,0.0,0.0,0.0,1.0
0.0,0.0,0.0,1.0,1.0,0.0,0.0,0.0,0.0,0.0,0.0,1.0,0.0,0.0,0.0,1.0,0.0,0.0,1.0,1.0,0.0,0.0,0.6132,0.3868,0.0,0.4788,0.5212,0.0,0.0,0.0,0.0,1.0
0.0,0.0,0.0,1.0,1.0,0.0,0.0,0.0,0.0,0.0,0.9375,0.0625,0.0,0.0,0.0,1.0,0.0,0.1569,0.8431,0.505,0.495,0.0,0.6132,0.3868,0.0,0.4788,0.5212,0.0,0.0,0.0,0.0,1.0
1.0,0.0,0.0,0.0,0.0,1.0,0.0,0.0,0.0,1.0,0.0,0.0,1.0,0.0,0.0,0.0,0.6927,0.3073,0.0,0.0,0.7133,0.2867,0.0237,0.9763,0.0,0.0,0.0,1.0,1.0,0.0,0.0,0.0
1.0,0.0,0.0,0.0,0.0,1.0,0.0,0.0,0.0,1.0,0.0,0.0,0.6667,0.3333,0.0,0.0,0.6927,0.3073,0.0,0.0,0.7133,0.2867,0.0237,0.9763,0.0,0.0,0.0,1.0,0.244,0.756,0.0,0.0
1.0,0.0,0.0,0.0,0.0,1.0,0.0,0.0,0.0,1.0,0.0,0.0,0.0,1.0,0.0,0.0,0.6927,0.3073,0.0,0.0,0.7133,0.2867,0.0237,0.9763,0.0,0.0,0.0,1.0,0.2088,0.7912,0.0,0.0
1.0,0.0,0.0,0.0,0.0,1.0,0.0,0.0,0.0,1.0,0.0,0.0,0.0,0.0,1.0,0.0,0.6927,0.3073,0.0,0.0,0.7133,0.2867,0.0237,0.9763,0.0,0.0,0.0,1.0,0.0,0.87,0.13,0.0
1.0,0.0,0.0,0.0,0.0,1.0,0.0,0.0,0.0,1.0,0.0,0.0,0.0,0.0,0.0,1.0,0.6927,0.3073,0.0,0.0,0.7133,0.2867,0.0237,0.9763,0.0,0.0,0.0,1.0,0.0,0.1193,0.8807,0.0
1.0,0.0,0.0,0.0,0.0,1.0,0.0,0.0,0.0,1.0,0.0,0.0,1.0,0.0,0.0,0.0,0.5364,0.4636,0.0,0.0,0.14,0.86,0.5526,0.4474,0.0,0.0,0.0,1.0,1.0,0.0,0.0,0.0
1.0,0.0,0.0,0.0,0.0,1.0,0.0,0.0,0.0,1.0,0.0,0.0,0.6667,0.3333,0.0,0.0,0.5364,0.4636,0.0,0.0,0.14,0.86,0.5526,0.4474,0.0,0.0,0.0,1.0,0.4288,0.5712,0.0,0.0
1.0,0.0,0.0,0.0,0.0,1.0,0.0,0.0,0.0,1.0,0.0,0.0,0.0,1.0,0.0,0.0,0.5364,0.4636,0.0,0.0,0.14,0.86,0.5526,0.4474,0.0,0.0,0.0,1.0,0.3728,0.6272,0.0,0.0
1.0,0.0,0.0,0.0,0.0,1.0,0.0,0.0,0.0,1.0,0.0,0.0,0.0,0.0,1.0,0.0,0.5364,0.4636,0.0,0.0,0.14,0.86,0.5526,0.4474,0.0,0.0,0.0,1.0,0.0,0.9893,0.0107,0.0
1.0,0.0,0.0,0.0,0.0,1.0,0.0,0.0,0.0,1.0,0.0,0.0,0.0,0.0,0.0,1.0,0.5364,0.4636,0.0,0.0,0.14,0.86,0.5526,0.4474,0.0,0.0,0.0,1.0,0.0,0.5293,0.4707,0.0
1.0,0.0,0.0,0.0,0.0,1.0,0.0,0.0,0.0,1.0,0.0,0.0,1.0,0.0,0.0,0.0,1.0,0.0,0.0,0.97,0.03,0.0,0.0,0.3806,0.6194,0.0,0.0,1.0,1.0,0.0,0.0,0.0
1.0,0.0,0.0,0.0,0.0,1.0,0.0,0.0,0.0,1.0,0.0,0.0,0.6667,0.3333,0.0,0.0,1.0,0.0,0.0,0.97,0.03,0.0,0.0,0.3806,0.6194,0.0,0.0,1.0,0.2008,0.7992,0.0,0.0
1.0,0.0,0.0,0.0,0.0,1.0,0.0,0.0,0.0,1.0,0.0,0.0,0.0,1.0,0.0,0.0,1.0,0.0,0.0,0.97,0.03,0.0,0.0,0.3806,0.6194,0.0,0.0,1.0,0.1424,0.8576,0.0,0.0
1.0,0.0,0.0,0.0,0.0,1.0,0.0,0.0,0.0,1.0,0.0,0.0,0.0,0.0,1.0,0.0,1.0,0.0,0.0,0.97,0.03,0.0,0.0,0.3806,0.6194,0.0,0.0,1.0,0.0,0.5693,0.4307,0.0
1.0,0.0,0.0,0.0,0.0,1.0,0.0,0.0,0.0,1.0,0.0,0.0,0.0,0.0,0.0,1.0,1.0,0.0,0.0,0.97,0.03,0.0,0.0,0.3806,0.6194,0.0,0.0,1.0,0.0,0.344,0.656,0.0
1.0,0.0,0.0,0.0,0.0,0.0,0.7849,0.2151,0.0,1.0,0.0,0.0,1.0,0.0,0.0,0.0,1.0,0.0,0.0,1.0,0.0,0.0,0.0,0.0,1.0,0.0,0.4615,0.5385,0.9968,0.0032,0.0,0.0
1.0,0.0,0.0,0.0,0.0,0.0,0.7849,0.2151,0.0,1.0,0.0,0.0,0.6667,0.3333,0.0,0.0,1.0,0.0,0.0,1.0,0.0,0.0,0.0,0.0,1.0,0.0,0.4615,0.5385,0.5152,0.4848,0.0,0.0
1.0,0.0,0.0,0.0,0.0,0.0,0.7849,0.2151,0.0,1.0,0.0,0.0,0.0,1.0,0.0,0.0,1.0,0.0,0.0,1.0,0.0,0.0,0.0,0.0,1.0,0.0,0.4615,0.5385,0.088,0.912,0.0,0.0
1.0,0.0,0.0,0.0,0.0,0.0,0.7849,0.2151,0.0,1.0,0.0,0.0,0.0,0.0,1.0,0.0,1.0,0.0,0.0,1.0,0.0,0.0,0.0,0.0,1.0,0.0,0.4615,0.5385,0.0,0.4773,0.5227,0.0
1.0,0.0,0.0,0.0,0.0,0.0,0.7849,0.2151,0.0,1.0,0.0,0.0,0.0,0.0,0.0,1.0,1.0,0.0,0.0,1.0,0.0,0.0,0.0,0.0,1.0,0.0,0.4615,0.5385,0.0,0.1287,0.8713,0.0
1.0,0.0,0.0,0.0,0.0,0.0,0.9892,0.0108,0.0,1.0,0.0,0.0,1.0,0.0,0.0,0.0,0.834,0.166,0.0,0.235,0.765,0.0,0.0,0.0,1.0,0.004,0.996,0.0,1.0,0.0,0.0,0.0
1.0,0.0,0.0,0.0,0.0,0.0,0.9892,0.0108,0.0,1.0,0.0,0.0,0.6667,0.3333,0.0,0.0,0.834,0.166,0.0,0.235,0.765,0.0,0.0,0.0,1.0,0.004,0.996,0.0,0.5264,0.4736,0.0,0.0
1.0,0.0,0.0,0.0,0.0,0.0,0.9892,0.0108,0.0,1.0,0.0,0.0,0.0,1.0,0.0,0.0,0.834,0.166,0.0,0.235,0.765,0.0,0.0,0.0,1.0,0.004,0.996,0.0,0.208,0.792,0.0,0.0
1.0,0.0,0.0,0.0,0.0,0.0,0.9892,0.0108,0.0,1.0,0.0,0.0,0.0,0.0,1.0,0.0,0.834,0.166,0.0,0.235,0.765,0.0,0.0,0.0,1.0,0.004,0.996,0.0,0.0,0.5533,0.4467,0.0
1.0,0.0,0.0,0.0,0.0,0.0,0.9892,0.0108,0.0,1.0,0.0,0.0,0.0,0.0,0.0,1.0,0.834,0.166,0.0,0.235,0.765,0.0,0.0,0.0,1.0,0.004,0.996,0.0,0.0,0.1927,0.8073,0.0
1.0,0.0,0.0,0.0,0.0,0.1483,0.8517,0.0,0.0,1.0,0.0,0.0,1.0,0.0,0.0,0.0,0.5885,0.4115,0.0,0.0,0.3,0.7,0.0,0.0097,0.9903,0.4222,0.5778,0.0,1.0,0.0,0.0,0.0
1.0,0.0,0.0,0.0,0.0,0.1483,0.8517,0.0,0.0,1.0,0.0,0.0,0.6667,0.3333,0.0,0.0,0.5885,0.4115,0.0,0.0,0.3,0.7,0.0,0.0097,0.9903,0.4222,0.5778,0.0,0.5936,0.4064,0.0,0.0
1.0,0.0,0.0,0.0,0.0,0.1483,0.8517,0.0,0.0,1.0,0.0,0.0,0.0,1.0,0.0,0.0,0.5885,0.4115,0.0,0.0,0.3,0.7,0.0,0.0097,0.9903,0.4222,0.5778,0.0,0.2416,0.7584,0.0,0.0
1.0,0.0,0.0,0.0,0.0,0.1483,0.8517,0.0,0.0,1.0,0.0,0.0,0.0,0.0,1.0,0.0,0.5885,0.4115,0.0,0.0,0.3,0.7,0.0,0.0097,0.9903,0.4222,0.5778,0.0,0.0,0.7307,0.2693,0.0
1.0,0.0,0.0,0.0,0.0,0.1483,0.8517,0.0,0.0,1.0,0.0,0.0,0.0,0.0,0.0,1.0,0.5885,0.4115,0.0,0.0,0.3,0.7,0.0,0.0097,0.9903,0.4222,0.5778,0.0,0.0,0.4773,0.5227,0.0
1.0,0.0,0.0,0.0,0.0,0.0,0.7957,0.2043,0.0,0.0,0.6875,0.3125,1.0,0.0,0.0,0.0,1.0,0.0,0.0,1.0,0.0,0.0,0.0,0.0,1.0,0.0,0.4923,0.5077,1.0,0.0,0.0,0.0
1.0,0.0,0.0,0.0,0.0,0.0,0.7957,0.2043,0.0,0.0,0.6875,0.3125,0.6667,0.3333,0.0,0.0,1.0,0.0,0.0,1.0,0.0,0.0,0.0,0.0,1.0,0.0,0.4923,0.5077,0.3824,0.6176,0.0,0.0
1.0,0.0,0.0,0.0,0.0,0.0,0.7957,0.2043,0.0,0.0,0.6875,0.3125,0.0,1.0,0.0,0.0,1.0,0.0,0.0,1.0,0.0,0.0,0.0,0.0,1.0,0.0,0.4923,0.5077,0.0,0.9353,0.0647,0.0
1.0,0.0,0.0,0.0,0.0,0.0,0.7957,0.2043,0.0,0.0,0.6875,0.3125,0.0,0.0,1.0,0.0,1.0,0.0,0.0,1.0,0.0,0.0,0.0,0.0,1.0,0.0,0.4923,0.5077,0.0,0.2627,0.7373,0.0
1.0,0.0,0.0,0.0,0.0,0.0,0.7957,0.2043,0.0,0.0,0.6875,0.3125,0.0,0.0,0.0,1.0,1.0,0.0,0.0,1.0,0.0,0.0,0.0,0.0,1.0,0.0,0.4923,0.5077,0.0,0.1407,0.8593,0.0
1.0,0.0,0.0,0.0,0.0,0.0,0.0,1.0,0.0,1.0,0.0,0.0,1.0,0.0,0.0,0.0,1.0,0.0,0.0,0.425,0.575,0.0,0.0,0.0,1.0,0.0,0.9868,0.0132,1.0,0.0,0.0,0.0
1.0,0.0,0.0,0.0,0.0,0.0,0.0,1.0,0.0,1.0,0.0,0.0,0.6667,0.3333,0.0,0.0,1.0,0.0,0.0,0.425,0.575,0.0,0.0,0.0,1.0,0.0,0.9868,0.0132,0.1616,0.8384,0.0,0.0
1.0,0.0,0.0,0.0,0.0,0.0,0.0,1.0,0.0,1.0,0.0,0.0,0.0,1.0,0.0,0.0,1.0,0.0,0.0,0.425,0.575,0.0,0.0,0.0,1.0,0.0,0.9868,0.0132,0.4768,0.5232,0.0,0.0
1.0,0.0,0.0,0.0,0.0,0.0,0.0,1.0,0.0,1.0,0.0,0.0,0.0,0.0,1.0,0.0,1.0,0.0,0.0,0.425,0.575,0.0,0.0,0.0,1.0,0.0,0.9868,0.0132,0.0,0.9247,0.0753,0.0
1.0,0.0,0.0,0.0,0.0,0.0,0.0,1.0,0.0,1.0,0.0,0.0,0.0,0.0,0.0,1.0,1.0,0.0,0.0,0.425,0.575,0.0,0.0,0.0,1.0,0.0,0.9868,0.0132,0.0,0.5973,0.4027,0.0
0.0,1.0,0.0,0.0,0.0,0.0,0.0,1.0,0.0,1.0,0.0,0.0,1.0,0.0,0.0,0.0,1.0,0.0,0.0,1.0,0.0,0.0,0.0,0.0,1.0,0.0,0.9868,0.0132,1.0,0.0,0.0,0.0
0.0,1.0,0.0,0.0,0.0,0.0,0.0,1.0,0.0,1.0,0.0,0.0,0.6667,0.3333,0.0,0.0,1.0,0.0,0.0,1.0,0.0,0.0,0.0,0.0,1.0,0.0,0.9868,0.0132,0.7744,0.2256,0.0,0.0
0.0,1.0,0.0,0.0,0.0,0.0,0.0,1.0,0.0,1.0,0.0,0.0,0.0,1.0,0.0,0.0,1.0,0.0,0.0,1.0,0.0,0.0,0.0,0.0,1.0,0.0,0.9868,0.0132,0.2608,0.7392,0.0,0.0
0.0,1.0,0.0,0.0,0.0,0.0,0.0,1.0,0.0,1.0,0.0,0.0,0.0,0.0,1.0,0.0,1.0,0.0,0.0,1.0,0.0,0.0,0.0,0.0,1.0,0.0,0.9868,0.0132,0.0,0.6433,0.3567,0.0
0.0,1.0,0.0,0.0,0.0,0.0,0.0,1.0,0.0,1.0,0.0,0.0,0.0,0.0,0.0,1.0,1.0,0.0,0.0,1.0,0.0,0.0,0.0,0.0,1.0,0.0,0.9868,0.0132,0.0,0.218,0.782,0.0
0.0,1.0,0.0,0.0,0.0,1.0,0.0,0.0,0.0,1.0,0.0,0.0,1.0,0.0,0.0,0.0,0.8121,0.1879,0.0,0.165,0.835,0.0,0.0,0.0,1.0,0.0,0.8703,0.1297,0.76,0.24,0.0,0.0
0.0,1.0,0.0,0.0,0.0,1.0,0.0,0.0,0.0,1.0,0.0,0.0,0.6667,0.3333,0.0,0.0,0.8121,0.1879,0.0,0.165,0.835,0.0,0.0,0.0,1.0,0.0,0.8703,0.1297,0.0,0.8073,0.1927,0.0
0.0,1.0,0.0,0.0,0.0,1.0,0.0,0.0,0.0,1.0,0.0,0.0,0.0,1.0,0.0,0.0,0.8121,0.1879,0.0,0.165,0.835,0.0,0.0,0.0,1.0,0.0,0.8703,0.1297,0.0,0.0,0.7432,0.2568
0.0,1.0,0.0,0.0,0.0,1.0,0.0,0.0,0.0,1.0,0.0,0.0,0.0,0.0,1.0,0.0,0.8121,0.1879,0.0,0.165,0.835,0.0,0.0,0.0,1.0,0.0,0.8703,0.1297,0.0,0.0,0.3384,0.6616
0.0,1.0,0.0,0.0,0.0,1.0,0.0,0.0,0.0,1.0,0.0,0.0,0.0,0.0,0.0,1.0,0.8121,0.1879,0.0,0.165,0.835,0.0,0.0,0.0,1.0,0.0,0.8703,0.1297,0.0,0.0,0.088,0.912
0.0,1.0,0.0,0.0,0.0,1.0,0.0,0.0,0.0,1.0,0.0,0.0,1.0,0.0,0.0,0.0,0.8107,0.1893,0.0,0.165,0.835,0.0,0.0,0.0,1.0,0.0,0.8681,0.1319,1.0,0.0,0.0,0.0
0.0,1.0,0.0,0.0,0.0,1.0,0.0,0.0,0.0,1.0,0.0,0.0,0.6667,0.3333,0.0,0.0,0.8107,0.1893,0.0,0.165,0.835,0.0,0.0,0.0,1.0,0.0,0.8681,0.1319,0.7728,0.2272,0.0,0.0
0.0,1.0,0.0,0.0,0.0,1.0,0.0,0.0,0.0,1.0,0.0,0.0,0.0,1.0,0.0,0.0,0.8107,0.1893,0.0,0.165,0.835,0.0,0.0,0.0,1.0,0.0,0.8681,0.1319,0.0,0.1513,0.8487,0.0
0.0,1.0,0.0,0.0,0.0,1.0,0.0,0.0,0.0,1.0,0.0,0.0,0.0,0.0,1.0,0.0,0.8107,0.1893,0.0,0.165,0.835,0.0,0.0,0.0,1.0,0.0,0.8681,0.1319,0.0,0.0,0.6296,0.3704
0.0,1.0,0.0,0.0,0.0,1.0,0.0,0.0,0.0,1.0,0.0,0.0,0.0,0.0,0.0,1.0,0.8107,0.1893,0.0,0.165,0.835,0.0,0.0,0.0,1.0,0.0,0.8681,0.1319,0.0,0.0,0.4024,0.5976
1.0,0.0,0.0,0.0,0.0,0.1531,0.8469,0.0,0.0,1.0,0.0,0.0,1.0,0.0,0.0,0.0,0.5926,0.4074,0.0,0.0,0.32,0.68,0.0,0.0306,0.9694,0.4424,0.5576,0.0,1.0,0.0,0.0,0.0
1.0,0.0,0.0,0.0,0.0,0.1531,0.8469,0.0,0.0,1.0,0.0,0.0,0.6667,0.3333,0.0,0.0,0.5926,0.4074,0.0,0.0,0.32,0.68,0.0,0.0306,0.9694,0.4424,0.5576,0.0,0.4144,0.5856,0.0,0.0
1.0,0.0,0.0,0.0,0.0,0.1531,0.8469,0.0,0.0,1.0,0.0,0.0,0.0,1.0,0.0,0.0,0.5926,0.4074,0.0,0.0,0.32,0.68,0.0,0.0306,0.9694,0.4424,0.5576,0.0,0.2368,0.7632,0.0,0.0
1.0,0.0,0.0,0.0,0.0,0.1531,0.8469,0.0,0.0,1.0,0.0,0.0,0.0,0.0,1.0,0.0,0.5926,0.4074,0.0,0.0,0.32,0.68,0.0,0.0306,0.9694,0.4424,0.5576,0.0,0.0,0.7433,0.2567,0.0
1.0,0.0,0.0,0.0,0.0,0.1531,0.8469,0.0,0.0,1.0,0.0,0.0,0.0,0.0,0.0,1.0,0.5926,0.4074,0.0,0.0,0.32,0.68,0.0,0.0306,0.9694,0.4424,0.5576,0.0,0.0,0.1093,0.8907,0.0
1.0,0.0,0.0,0.0,0.0,1.0,0.0,0.0,0.0,1.0,0.0,0.0,1.0,0.0,0.0,0.0,0.4774,0.5226,0.0,0.0,0.8867,0.1133,0.4763,0.5237,0.0,0.0,0.0,1.0,0.6056,0.3944,0.0,0.0
1.0,0.0,0.0,0.0,0.0,1.0,0.0,0.0,0.0,1.0,0.0,0.0,0.6667,0.3333,0.0,0.0,0.4774,0.5226,0.0,0.0,0.8867,0.1133,0.4763,0.5237,0.0,0.0,0.0,1.0,0.1448,0.8552,0.0,0.0
1.0,0.0,0.0,0.0,0.0,1.0,0.0,0.0,0.0,1.0,0.0,0.0,0.0,1.0,0.0,0.0,0.4774,0.5226,0.0,0.0,0.8867,0.1133,0.4763,0.5237,0.0,0.0,0.0,1.0,0.0,0.818,0.182,0.0
1.0,0.0,0.0,0.0,0.0,1.0,0.0,0.0,0.0,1.0,0.0,0.0,0.0,0.0,1.0,0.0,0.4774,0.5226,0.0,0.0,0.8867,0.1133,0.4763,0.5237,0.0,0.0,0.0,1.0,0.0,0.194,0.806,0.0
1.0,0.0,0.0,0.0,0.0,1.0,0.0,0.0,0.0,1.0,0.0,0.0,0.0,0.0,0.0,1.0,0.4774,0.5226,0.0,0.0,0.8867,0.1133,0.4763,0.5237,0.0,0.0,0.0,1.0,0.0,0.0,0.856,0.144
1.0,0.0,0.0,0.0,0.0,1.0,0.0,0.0,0.0,1.0,0.0,0.0,1.0,0.0,0.0,0.0,0.3141,0.6859,0.0,0.0,0.84,0.16,0.2921,0.7079,0.0,0.0,0.0,1.0,1.0,0.0,0.0,0.0
1.0,0.0,0.0,0.0,0.0,1.0,0.0,0.0,0.0,1.0,0.0,0.0,0.6667,0.3333,0.0,0.0,0.3141,0.6859,0.0,0.0,0.84,0.16,0.2921,0.7079,0.0,0.0,0.0,1.0,0.2064,0.7936,0.0,0.0
1.0,0.0,0.0,0.0,0.0,1.0,0.0,0.0,0.0,1.0,0.0,0.0,0.0,1.0,0.0,0.0,0.3141,0.6859,0.0,0.0,0.84,0.16,0.2921,0.7079,0.0,0.0,0.0,1.0,0.0,0.8853,0.1147,0.0
1.0,0.0,0.0,0.0,0.0,1.0,0.0,0.0,0.0,1.0,0.0,0.0,0.0,0.0,1.0,0.0,0.3141,0.6859,0.0,0.0,0.84,0.16,0.2921,0.7079,0.0,0.0,0.0,1.0,0.0,0.278,0.722,0.0
1.0,0.0,0.0,0.0,0.0,1.0,0.0,0.0,0.0,1.0,0.0,0.0,0.0,0.0,0.0,1.0,0.3141,0.6859,0.0,0.0,0.84,0.16,0.2921,0.7079,0.0,0.0,0.0,1.0,0.0,0.01,0.99,0.0
1.0,0.0,0.0,0.0,0.0,1.0,0.0,0.0,0.0,0.4375,0.5625,0.0,1.0,0.0,0.0,0.0,0.8285,0.1715,0.0,1.0,0.0,0.0,0.0,0.3581,0.6419,0.0,0.0,1.0,1.0,0.0,0.0,0.0
1.0,0.0,0.0,0.0,0.0,1.0,0.0,0.0,0.0,0.4375,0.5625,0.0,0.6667,0.3333,0.0,0.0,0.8285,0.1715,0.0,1.0,0.0,0.0,0.0,0.3581,0.6419,0.0,0.0,1.0,0.0952,0.9048,0.0,0.0
1.0,0.0,0.0,0.0,0.0,1.0,0.0,0.0,0.0,0.4375,0.5625,0.0,0.0,1.0,0.0,0.0,0.8285,0.1715,0.0,1.0,0.0,0.0,0.0,0.3581,0.6419,0.0,0.0,1.0,0.0,0.724,0.276,0.0
1.0,0.0,0.0,0.0,0.0,1.0,0.0,0.0,0.0,0.4375,0.5625,0.0,0.0,0.0,1.0,0.0,0.8285,0.1715,0.0,1.0,0.0,0.0,0.0,0.3581,0.6419,0.0,0.0,1.0,0.0,0.0,0.996,0.004
1.0,0.0,0.0,0.0,0.0,1.0,0.0,0.0,0.0,0.4375,0.5625,0.0,0.0,0.0,0.0,1.0,0.8285,0.1715,0.0,1.0,0.0,0.0,0.0,0.3581,0.6419,0.0,0.0,1.0,0.0,0.0,0.9664,0.0336
1.0,0.0,0.0,0.0,0.0,1.0,0.0,0.0,0.0,0.0,0.375,0.625,1.0,0.0,0.0,0.0,0.8272,0.1728,0.0,1.0,0.0,0.0,0.0,0.4226,0.5774,0.0,0.0,1.0,1.0,0.0,0.0,0.0
1.0,0.0,0.0,0.0,0.0,1.0,0.0,0.0,0.0,0.0,0.375,0.625,0.6667,0.3333,0.0,0.0,0.8272,0.1728,0.0,1.0,0.0,0.0,0.0,0.4226,0.5774,0.0,0.0,1.0,0.1704,0.8296,0.0,0.0
1.0,0.0,0.0,0.0,0.0,1.0,0.0,0.0,0.0,0.0,0.375,0.625,0.0,1.0,0.0,0.0,0.8272,0.1728,0.0,1.0,0.0,0.0,0.0,0.4226,0.5774,0.0,0.0,1.0,0.0,0.34,0.66,0.0
1.0,0.0,0.0,0.0,0.0,1.0,0.0,0.0,0.0,0.0,0.375,0.625,0.0,0.0,1.0,0.0,0.8272,0.1728,0.0,1.0,0.0,0.0,0.0,0.4226,0.5774,0.0,0.0,1.0,0.0,0.0,0.848,0.152
1.0,0.0,0.0,0.0,0.0,1.0,0.0,0.0,0.0,0.0,0.375,0.625,0.0,0.0,0.0,1.0,0.8272,0.1728,0.0,1.0,0.0,0.0,0.0,0.4226,0.5774,0.0,0.0,1.0,0.0,0.0,0.5808,0.4192
1.0,0.0,0.0,0.0,0.0,0.0,0.8172,0.1828,0.0,1.0,0.0,0.0,1.0,0.0,0.0,0.0,0.8354,0.1646,0.0,1.0,0.0,0.0,0.0,0.0,1.0,0.0,0.5604,0.4396,0.6384,0.3616,0.0,0.0
1.0,0.0,0.0,0.0,0.0,0.0,0.8172,0.1828,0.0,1.0,0.0,0.0,0.6667,0.3333,0.0,0.0,0.8354,0.1646,0.0,1.0,0.0,0.0,0.0,0.0,1.0,0.0,0.5604,0.4396,0.0,0.7433,0.2567,0.0
1.0,0.0,0.0,0.0,0.0,0.0,0.8172,0.1828,0.0,1.0,0.0,0.0,0.0,1.0,0.0,0.0,0.8354,0.1646,0.0,1.0,0.0,0.0,0.0,0.0,1.0,0.0,0.5604,0.4396,0.0,0.2667,0.7333,0.0
1.0,0.0,0.0,0.0,0.0,0.0,0.8172,0.1828,0.0,1.0,0.0,0.0,0.0,0.0,1.0,0.0,0.8354,0.1646,0.0,1.0,0.0,0.0,0.0,0.0,1.0,0.0,0.5604,0.4396,0.0,0.0,0.7936,0.2064
1.0,0.0,0.0,0.0,0.0,0.0,0.8172,0.1828,0.0,1.0,0.0,0.0,0.0,0.0,0.0,1.0,0.8354,0.1646,0.0,1.0,0.0,0.0,0.0,0.0,1.0,0.0,0.5604,0.4396,0.0,0.0,0.5744,0.4256
1.0,0.0,0.0,0.0,0.0,0.0,0.9892,0.0108,0.0,1.0,0.0,0.0,1.0,0.0,0.0,0.0,0.5638,0.4362,0.0,0.55,0.45,0.0,0.0,0.0,1.0,0.0202,0.9798,0.0,0.9648,0.0352,0.0,0.0
1.0,0.0,0.0,0.0,0.0,0.0,0.9892,0.0108,0.0,1.0,0.0,0.0,0.6667,0.3333,0.0,0.0,0.5638,0.4362,0.0,0.55,0.45,0.0,0.0,0.0,1.0,0.0202,0.9798,0.0,0.0584,0.9416,0.0,0.0
1.0,0.0,0.0,0.0,0.0,0.0,0.9892,0.0108,0.0,1.0,0.0,0.0,0.0,1.0,0.0,0.0,0.5638,0.4362,0.0,0.55,0.45,0.0,0.0,0.0,1.0,0.0202,0.9798,0.0,0.0,0.5847,0.4153,0.0
1.0,0.0,0.0,0.0,0.0,0.0,0.9892,0.0108,0.0,1.0,0.0,0.0,0.0,0.0,1.0,0.0,0.5638,0.4362,0.0,0.55,0.45,0.0,0.0,0.0,1.0,0.0202,0.9798,0.0,0.0,0.0,0.984,0.016
1.0,0.0,0.0,0.0,0.0,0.0,0.9892,0.0108,0.0,1.0,0.0,0.0,0.0,0.0,0.0,1.0,0.5638,0.4362,0.0,0.55,0.45,0.0,0.0,0.0,1.0,0.0202,0.9798,0.0,0.0,0.0,0.7328,0.2672
1.0,0.0,0.0,0.0,0.0,0.1483,0.8517,0.0,0.0,1.0,0.0,0.0,1.0,0.0,0.0,0.0,0.2949,0.7051,0.0,0.0,0.7667,0.2333,0.0,0.0258,0.9742,0.4404,0.5596,0.0,0.8224,0.1776,0.0,0.0
1.0,0.0,0.0,0.0,0.0,0.1483,0.8517,0.0,0.0,1.0,0.0,0.0,0.6667,0.3333,0.0,0.0,0.2949,0.7051,0.0,0.0,0.7667,0.2333,0.0,0.0258,0.9742,0.4404,0.5596,0.0,0.0,0.838,0.162,0.0
1.0,0.0,0.0,0.0,0.0,0.1483,0.8517,0.0,0.0,1.0,0.0,0.0,0.0,1.0,0.0,0.0,0.2949,0.7051,0.0,0.0,0.7667,0.2333,0.0,0.0258,0.9742,0.4404,0.5596,0.0,0.0,0.8567,0.1433,0.0
1.0,0.0,0.0,0.0,0.0,0.1483,0.8517,0.0,0.0,1.0,0.0,0.0,0.0,0.0,1.0,0.0,0.2949,0.7051,0.0,0.0,0.7667,0.2333,0.0,0.0258,0.9742,0.4404,0.5596,0.0,0.0,0.3687,0.6313,0.0
1.0,0.0,0.0,0.0,0.0,0.1483,0.8517,0.0,0.0,1.0,0.0,0.0,0.0,0.0,0.0,1.0,0.2949,0.7051,0.0,0.0,0.7667,0.2333,0.0,0.0258,0.9742,0.4404,0.5596,0.0,0.0,0.0,0.9136,0.0864
1.0,0.0,0.0,0.0,0.0,0.1483,0.8517,0.0,0.0,1.0,0.0,0.0,1.0,0.0,0.0,0.0,0.2949,0.7051,0.0,0.0,0.7667,0.2333,0.0,0.0258,0.9742,0.4404,0.5596,0.0,1.0,0.0,0.0,0.0
1.0,0.0,0.0,0.0,0.0,0.1483,0.8517,0.0,0.0,1.0,0.0,0.0,0.6667,0.3333,0.0,0.0,0.2949,0.7051,0.0,0.0,0.7667,0.2333,0.0,0.0258,0.9742,0.4404,0.5596,0.0,0.2456,0.7544,0.0,0.0
1.0,0.0,0.0,0.0,0.0,0.1483,0.8517,0.0,0.0,1.0,0.0,0.0,0.0,1.0,0.0,0.0,0.2949,0.7051,0.0,0.0,0.7667,0.2333,0.0,0.0258,0.9742,0.4404,0.5596,0.0,0.0,0.656,0.344,0.0
1.0,0.0,0.0,0.0,0.0,0.1483,0.8517,0.0,0.0,1.0,0.0,0.0,0.0,0.0,1.0,0.0,0.2949,0.7051,0.0,0.0,0.7667,0.2333,0.0,0.0258,0.9742,0.4404,0.5596,0.0,0.0,0.3907,0.6093,0.0
1.0,0.0,0.0,0.0,0.0,0.1483,0.8517,0.0,0.0,1.0,0.0,0.0,0.0,0.0,0.0,1.0,0.2949,0.7051,0.0,0.0,0.7667,0.2333,0.0,0.0258,0.9742,0.4404,0.5596,0.0,0.0,0.0,0.8632,0.1368
1.0,0.0,0.0,0.0,0.0,0.0,0.0,1.0,0.0,1.0,0.0,0.0,1.0,0.0,0.0,0.0,1.0,0.0,0.0,0.77,0.23,0.0,0.0,0.0,1.0,0.0343,0.9657,0.0,1.0,0.0,0.0,0.0
1.0,0.0,0.0,0.0,0.0,0.0,0.0,1.0,0.0,1.0,0.0,0.0,0.6667,0.3333,0.0,0.0,1.0,0.0,0.0,0.77,0.23,0.0,0.0,0.0,1.0,0.0343,0.9657,0.0,0.472,0.528,0.0,0.0
1.0,0.0,0.0,0.0,0.0,0.0,0.0,1.0,0.0,1.0,0.0,0.0,0.0,1.0,0.0,0.0,1.0,0.0,0.0,0.77,0.23,0.0,0.0,0.0,1.0,0.0343,0.9657,0.0,0.0,0.982,0.018,0.0
1.0,0.0,0.0,0.0,0.0,0.0,0.0,1.0,0.0,1.0,0.0,0.0,0.0,0.0,1.0,0.0,1.0,0.0,0.0,0.77,0.23,0.0,0.0,0.0,1.0,0.0343,0.9657,0.0,0.0,0.462,0.538,0.0
1.0,0.0,0.0,0.0,0.0,0.0,0.0,1.0,0.0,1.0,0.0,0.0,0.0,0.0,0.0,1.0,1.0,0.0,0.0,0.77,0.23,0.0,0.0,0.0,1.0,0.0343,0.9657,0.0,0.0,0.0,0.7704,0.2296
0.0,1.0,0.0,0.0,0.0,0.0,0.9677,0.0323,0.0,0.75,0.25,0.0,1.0,0.0,0.0,0.0,1.0,0.0,0.0,0.74,0.26,0.0,0.0,0.0,1.0,0.0,0.9736,0.0264,1.0,0.0,0.0,0.0
0.0,1.0,0.0,0.0,0.0,0.0,0.9677,0.0323,0.0,0.75,0.25,0.0,0.6667,0.3333,0.0,0.0,1.0,0.0,0.0,0.74,0.26,0.0,0.0,0.0,1.0,0.0,0.9736,0.0264,0.48,0.52,0.0,0.0
0.0,1.0,0.0,0.0,0.0,0.0,0.9677,0.0323,0.0,0.75,0.25,0.0,0.0,1.0,0.0,0.0,1.0,0.0,0.0,0.74,0.26,0.0,0.0,0.0,1.0,0.0,0.9736,0.0264,0.0,0.7487,0.2513,0.0
0.0,1.0,0.0,0.0,0.0,0.0,0.9677,0.0323,0.0,0.75,0.25,0.0,0.0,0.0,1.0,0.0,1.0,0.0,0.0,0.74,0.26,0.0,0.0,0.0,1.0,0.0,0.9736,0.0264,0.0,0.0,0.92,0.08
0.0,1.0,0.0,0.0,0.0,0.0,0.9677,0.0323,0.0,0.75,0.25,0.0,0.0,0.0,0.0,1.0,1.0,0.0,0.0,0.74,0.26,0.0,0.0,0.0,1.0,0.0,0.9736,0.0264,0.0,0.0,0.5064,0.4936
0.0,1.0,0.0,0.0,0.0,0.0,0.8441,0.1559,0.0,0.0,0.125,0.875,1.0,0.0,0.0,0.0,1.0,0.0,0.0,1.0,0.0,0.0,0.0,0.0,1.0,0.0,0.633,0.367,1.0,0.0,0.0,0.0
0.0,1.0,0.0,0.0,0.0,0.0,0.8441,0.1559,0.0,0.0,0.125,0.875,0.6667,0.3333,0.0,0.0,1.0,0.0,0.0,1.0,0.0,0.0,0.0,0.0,1.0,0.0,0.633,0.367,0.3192,0.6808,0.0,0.0
0.0,1.0,0.0,0.0,0.0,0.0,0.8441,0.1559,0.0,0.0,0.125,0.875,0.0,1.0,0.0,0.0,1.0,0.0,0.0,1.0,0.0,0.0,0.0,0.0,1.0,0.0,0.633,0.367,0.0,0.7587,0.2413,0.0
0.0,1.0,0.0,0.0,0.0,0.0,0.8441,0.1559,0.0,0.0,0.125,0.875,0.0,0.0,1.0,0.0,1.0,0.0,0.0,1.0,0.0,0.0,0.0,0.0,1.0,0.0,0.633,0.367,0.0,0.2233,0.7767,0.0
0.0,1.0,0.0,0.0,0.0,0.0,0.8441,0.1559,0.0,0.0,0.125,0.875,0.0,0.0,0.0,1.0,1.0,0.0,0.0,1.0,0.0,0.0,0.0,0.0,1.0,0.0,0.633,0.367,0.0,0.0,0.548,0.452
1.0,0.0,0.0,0.0,0.0,1.0,0.0,0.0,0.0,0.0,1.0,0.0,1.0,0.0,0.0,0.0,0.0,0.773,0.227,0.845,0.155,0.0,0.1789,0.8211,0.0,0.0,0.0,1.0,0.4,0.6,0.0,0.0
1.0,0.0,0.0,0.0,0.0,1.0,0.0,0.0,0.0,0.0,1.0,0.0,0.6667,0.3333,0.0,0.0,0.0,0.773,0.227,0.845,0.155,0.0,0.1789,0.8211,0.0,0.0,0.0,1.0,0.0,0.522,0.478,0.0
1.0,0.0,0.0,0.0,0.0,1.0,0.0,0.0,0.0,0.0,1.0,0.0,0.0,1.0,0.0,0.0,0.0,0.773,0.227,0.845,0.155,0.0,0.1789,0.8211,0.0,0.0,0.0,1.0,0.0,0.5173,0.4827,0.0
1.0,0.0,0.0,0.0,0.0,1.0,0.0,0.0,0.0,0.0,1.0,0.0,0.0,0.0,1.0,0.0,0.0,0.773,0.227,0.845,0.155,0.0,0.1789,0.8211,0.0,0.0,0.0,1.0,0.0,0.0,0.7936,0.2064
1.0,0.0,0.0,0.0,0.0,1.0,0.0,0.0,0.0,0.0,1.0,0.0,0.0,0.0,0.0,1.0,0.0,0.773,0.227,0.845,0.155,0.0,0.1789,0.8211,0.0,0.0,0.0,1.0,0.0,0.0,0.4824,0.5176
1.0,0.0,0.0,0.0,0.0,1.0,0.0,0.0,0.0,0.0,0.0,1.0,1.0,0.0,0.0,0.0,0.0,0.9455,0.0545,1.0,0.0,0.0,0.0,0.9048,0.0952,0.0,0.0,1.0,0.3488,0.6512,0.0,0.0
1.0,0.0,0.0,0.0,0.0,1.0,0.0,0.0,0.0,0.0,0.0,1.0,0.6667,0.3333,0.0,0.0,0.0,0.9455,0.0545,1.0,0.0,0.0,0.0,0.9048,0.0952,0.0,0.0,1.0,0.0,0.0407,0.9593,0.0
1.0,0.0,0.0,0.0,0.0,1.0,0.0,0.0,0.0,0.0,0.0,1.0,0.0,1.0,0.0,0.0,0.0,0.9455,0.0545,1.0,0.0,0.0,0.0,0.9048,0.0952,0.0,0.0,1.0,0.0,0.0,0.5376,0.4624
1.0,0.0,0.0,0.0,0.0,1.0,0.0,0.0,0.0,0.0,0.0,1.0,0.0,0.0,1.0,0.0,0.0,0.9455,0.0545,1.0,0.0,0.0,0.0,0.9048,0.0952,0.0,0.0,1.0,0.0,0.0,0.3168,0.6832
1.0,0.0,0.0,0.0,0.0,1.0,0.0,0.0,0.0,0.0,0.0,1.0,0.0,0.0,0.0,1.0,0.0,0.9455,0.0545,1.0,0.0,0.0,0.0,0.9048,0.0952,0.0,0.0,1.0,0.0,0.0,0.0,1.0
1.0,0.0,0.0,0.0,0.0,1.0,0.0,0.0,0.0,0.3125,0.6875,0.0,1.0,0.0,0.0,0.0,0.0,0.7043,0.2957,0.675,0.325,0.0,0.3395,0.6605,0.0,0.0,0.0,1.0,0.364,0.636,0.0,0.0
1.0,0.0,0.0,0.0,0.0,1.0,0.0,0.0,0.0,0.3125,0.6875,0.0,0.6667,0.3333,0.0,0.0,0.0,0.7043,0.2957,0.675,0.325,0.0,0.3395,0.6605,0.0,0.0,0.0,1.0,0.0,0.4847,0.5153,0.0
1.0,0.0,0.0,0.0,0.0,1.0,0.0,0.0,0.0,0.3125,0.6875,0.0,0.0,1.0,0.0,0.0,0.0,0.7043,0.2957,0.675,0.325,0.0,0.3395,0.6605,0.0,0.0,0.0,1.0,0.0,0.1707,0.8293,0.0
1.0,0.0,0.0,0.0,0.0,1.0,0.0,0.0,0.0,0.3125,0.6875,0.0,0.0,0.0,1.0,0.0,0.0,0.7043,0.2957,0.675,0.325,0.0,0.3395,0.6605,0.0,0.0,0.0,1.0,0.0,0.0,0.5024,0.4976
1.0,0.0,0.0,0.0,0.0,1.0,0.0,0.0,0.0,0.3125,0.6875,0.0,0.0,0.0,0.0,1.0,0.0,0.7043,0.2957,0.675,0.325,0.0,0.3395,0.6605,0.0,0.0,0.0,1.0,0.0,0.0,0.2368,0.7632
1.0,0.0,0.0,0.0,0.0,1.0,0.0,0.0,0.0,0.0,0.0,1.0,1.0,0.0,0.0,0.0,0.2894,0.7106,0.0,1.0,0.0,0.0,0.0,0.3871,0.6129,0.0,0.0,1.0,0.5184,0.4816,0.0,0.0
1.0,0.0,0.0,0.0,0.0,1.0,0.0,0.0,0.0,0.0,0.0,1.0,0.6667,0.3333,0.0,0.0,0.2894,0.7106,0.0,1.0,0.0,0.0,0.0,0.3871,0.6129,0.0,0.0,1.0,0.0,0.6093,0.3907,0.0
1.0,0.0,0.0,0.0,0.0,1.0,0.0,0.0,0.0,0.0,0.0,1.0,0.0,1.0,0.0,0.0,0.2894,0.7106,0.0,1.0,0.0,0.0,0.0,0.3871,0.6129,0.0,0.0,1.0,0.0,0.5707,0.4293,0.0
1.0,0.0,0.0,0.0,0.0,1.0,0.0,0.0,0.0,0.0,0.0,1.0,0.0,0.0,1.0,0.0,0.2894,0.7106,0.0,1.0,0.0,0.0,0.0,0.3871,0.6129,0.0,0.0,1.0,0.0,0.0,0.8688,0.1312
1.0,0.0,0.0,0.0,0.0,1.0,0.0,0.0,0.0,0.0,0.0,1.0,0.0,0.0,0.0,1.0,0.2894,0.7106,0.0,1.0,0.0,0.0,0.0,0.3871,0.6129,0.0,0.0,1.0,0.0,0.0,0.7704,0.2296
1.0,0.0,0.0,0.0,0.0,1.0,0.0,0.0,0.0,0.0,0.0,1.0,1.0,0.0,0.0,0.0,0.3265,0.6735,0.0,1.0,0.0,0.0,0.0,0.6806,0.3194,0.0,0.0,1.0,0.9712,0.0288,0.0,0.0
1.0,0.0,0.0,0.0,0.0,1.0,0.0,0.0,0.0,0.0,0.0,1.0,0.6667,0.3333,0.0,0.0,0.3265,0.6735,0.0,1.0,0.0,0.0,0.0,0.6806,0.3194,0.0,0.0,1.0,0.0,0.9213,0.0787,0.0
1.0,0.0,0.0,0.0,0.0,1.0,0.0,0.0,0.0,0.0,0.0,1.0,0.0,1.0,0.0,0.0,0.3265,0.6735,0.0,1.0,0.0,0.0,0.0,0.6806,0.3194,0.0,0.0,1.0,0.0,0.7767,0.2233,0.0
1.0,0.0,0.0,0.0,0.0,1.0,0.0,0.0,0.0,0.0,0.0,1.0,0.0,0.0,1.0,0.0,0.3265,0.6735,0.0,1.0,0.0,0.0,0.0,0.6806,0.3194,0.0,0.0,1.0,0.0,0.0313,0.9687,0.0
1.0,0.0,0.0,0.0,0.0,1.0,0.0,0.0,0.0,0.0,0.0,1.0,0.0,0.0,0.0,1.0,0.3265,0.6735,0.0,1.0,0.0,0.0,0.0,0.6806,0.3194,0.0,0.0,1.0,0.0,0.0,0.3152,0.6848
1.0,0.0,0.0,0.0,0.0,1.0,0.0,0.0,0.0,0.0,0.0,1.0,1.0,0.0,0.0,0.0,0.2826,0.7174,0.0,1.0,0.0,0.0,0.0,0.6806,0.3194,0.0,0.0,1.0,0.4576,0.5424,0.0,0.0
1.0,0.0,0.0,0.0,0.0,1.0,0.0,0.0,0.0,0.0,0.0,1.0,0.6667,0.3333,0.0,0.0,0.2826,0.7174,0.0,1.0,0.0,0.0,0.0,0.6806,0.3194,0.0,0.0,1.0,0.0,0.014,0.986,0.0
1.0,0.0,0.0,0.0,0.0,1.0,0.0,0.0,0.0,0.0,0.0,1.0,0.0,1.0,0.0,0.0,0.2826,0.7174,0.0,1.0,0.0,0.0,0.0,0.6806,0.3194,0.0,0.0,1.0,0.0,0.0,0.352,0.648
1.0,0.0,0.0,0.0,0.0,1.0,0.0,0.0,0.0,0.0,0.0,1.0,0.0,0.0,1.0,0.0,0.2826,0.7174,0.0,1.0,0.0,0.0,0.0,0.6806,0.3194,0.0,0.0,1.0,0.0,0.0,0.0,1.0
1.0,0.0,0.0,0.0,0.0,1.0,0.0,0.0,0.0,0.0,0.0,1.0,0.0,0.0,0.0,1.0,0.2826,0.7174,0.0,1.0,0.0,0.0,0.0,0.6806,0.3194,0.0,0.0,1.0,0.0,0.0,0.0,1.0
1.0,0.0,0.0,0.0,0.0,0.0,0.8011,0.1989,0.0,0.0,0.0,1.0,1.0,0.0,0.0,0.0,0.358,0.642,0.0,1.0,0.0,0.0,0.0,0.0,1.0,0.0,0.5297,0.4703,0.3184,0.6816,0.0,0.0
1.0,0.0,0.0,0.0,0.0,0.0,0.8011,0.1989,0.0,0.0,0.0,1.0,0.6667,0.3333,0.0,0.0,0.358,0.642,0.0,1.0,0.0,0.0,0.0,0.0,1.0,0.0,0.5297,0.4703,0.0,0.0187,0.9813,0.0
1.0,0.0,0.0,0.0,0.0,0.0,0.8011,0.1989,0.0,0.0,0.0,1.0,0.0,1.0,0.0,0.0,0.358,0.642,0.0,1.0,0.0,0.0,0.0,0.0,1.0,0.0,0.5297,0.4703,0.0,0.0,0.2,0.8
1.0,0.0,0.0,0.0,0.0,0.0,0.8011,0.1989,0.0,0.0,0.0,1.0,0.0,0.0,1.0,0.0,0.358,0.642,0.0,1.0,0.0,0.0,0.0,0.0,1.0,0.0,0.5297,0.4703,0.0,0.0,0.0,1.0
1.0,0.0,0.0,0.0,0.0,0.0,0.8011,0.1989,0.0,0.0,0.0,1.0,0.0,0.0,0.0,1.0,0.358,0.642,0.0,1.0,0.0,0.0,0.0,0.0,1.0,0.0,0.5297,0.4703,0.0,0.0,0.0,1.0
1.0,0.0,0.0,0.0,0.0,0.0,1.0,0.0,0.0,0.0,0.6875,0.3125,1.0,0.0,0.0,0.0,0.0,0.9715,0.0285,1.0,0.0,0.0,0.0,0.0,1.0,0.0404,0.9596,0.0,0.296,0.704,0.0,0.0
1.0,0.0,0.0,0.0,0.0,0.0,1.0,0.0,0.0,0.0,0.6875,0.3125,0.6667,0.3333,0.0,0.0,0.0,0.9715,0.0285,1.0,0.0,0.0,0.0,0.0,1.0,0.0404,0.9596,0.0,0.0,0.2487,0.7513,0.0
1.0,0.0,0.0,0.0,0.0,0.0,1.0,0.0,0.0,0.0,0.6875,0.3125,0.0,1.0,0.0,0.0,0.0,0.9715,0.0285,1.0,0.0,0.0,0.0,0.0,1.0,0.0404,0.9596,0.0,0.0,0.0,0.2936,0.7064
1.0,0.0,0.0,0.0,0.0,0.0,1.0,0.0,0.0,0.0,0.6875,0.3125,0.0,0.0,1.0,0.0,0.0,0.9715,0.0285,1.0,0.0,0.0,0.0,0.0,1.0,0.0404,0.9596,0.0,0.0,0.0,0.0,1.0
1.0,0.0,0.0,0.0,0.0,0.0,1.0,0.0,0.0,0.0,0.6875,0.3125,0.0,0.0,0.0,1.0,0.0,0.9715,0.0285,1.0,0.0,0.0,0.0,0.0,1.0,0.0404,0.9596,0.0,0.0,0.0,0.0,1.0
1.0,0.0,0.0,0.0,0.0,0.1866,0.8134,0.0,0.0,0.0,0.9375,0.0625,1.0,0.0,0.0,0.0,0.0,0.6848,0.3152,0.51,0.49,0.0,0.0,0.1161,0.8839,0.5253,0.4747,0.0,0.4472,0.5528,0.0,0.0
1.0,0.0,0.0,0.0,0.0,0.1866,0.8134,0.0,0.0,0.0,0.9375,0.0625,0.6667,0.3333,0.0,0.0,0.0,0.6848,0.3152,0.51,0.49,0.0,0.0,0.1161,0.8839,0.5253,0.4747,0.0,0.0,0.3673,0.6327,0.0
1.0,0.0,0.0,0.0,0.0,0.1866,0.8134,0.0,0.0,0.0,0.9375,0.0625,0.0,1.0,0.0,0.0,0.0,0.6848,0.3152,0.51,0.49,0.0,0.0,0.1161,0.8839,0.5253,0.4747,0.0,0.0,0.0,0.608,0.392
1.0,0.0,0.0,0.0,0.0,0.1866,0.8134,0.0,0.0,0.0,0.9375,0.0625,0.0,0.0,1.0,0.0,0.0,0.6848,0.3152,0.51,0.49,0.0,0.0,0.1161,0.8839,0.5253,0.4747,0.0,0.0,0.0,0.2432,0.7568
1.0,0.0,0.0,0.0,0.0,0.1866,0.8134,0.0,0.0,0.0,0.9375,0.0625,0.0,0.0,0.0,1.0,0.0,0.6848,0.3152,0.51,0.49,0.0,0.0,0.1161,0.8839,0.5253,0.4747,0.0,0.0,0.0,0.0,1.0
1.0,0.0,0.0,0.0,0.0,0.0,0.0,1.0,0.0,0.0,0.5,0.5,1.0,0.0,0.0,0.0,0.8121,0.1879,0.0,1.0,0.0,0.0,0.0,0.0,1.0,0.0626,0.9374,0.0,0.7944,0.2056,0.0,0.0
1.0,0.0,0.0,0.0,0.0,0.0,0.0,1.0,0.0,0.0,0.5,0.5,0.6667,0.3333,0.0,0.0,0.8121,0.1879,0.0,1.0,0.0,0.0,0.0,0.0,1.0,0.0626,0.9374,0.0,0.0,0.5847,0.4153,0.0
1.0,0.0,0.0,0.0,0.0,0.0,0.0,1.0,0.0,0.0,0.5,0.5,0.0,1.0,0.0,0.0,0.8121,0.1879,0.0,1.0,0.0,0.0,0.0,0.0,1.0,0.0626,0.9374,0.0,0.0,0.1567,0.8433,0.0
1.0,0.0,0.0,0.0,0.0,0.0,0.0,1.0,0.0,0.0,0.5,0.5,0.0,0.0,1.0,0.0,0.8121,0.1879,0.0,1.0,0.0,0.0,0.0,0.0,1.0,0.0626,0.9374,0.0,0.0,0.0,0.6688,0.3312
1.0,0.0,0.0,0.0,0.0,0.0,0.0,1.0,0.0,0.0,0.5,0.5,0.0,0.0,0.0,1.0,0.8121,0.1879,0.0,1.0,0.0,0.0,0.0,0.0,1.0,0.0626,0.9374,0.0,0.0,0.0,0.3936,0.6064
1.0,0.0,0.0,0.0,0.0,0.0,0.0,1.0,0.0,0.0,0.0,1.0,1.0,0.0,0.0,0.0,0.8148,0.1852,0.0,1.0,0.0,0.0,0.0,0.0,1.0,0.0808,0.9192,0.0,0.8104,0.1896,0.0,0.0
1.0,0.0,0.0,0.0,0.0,0.0,0.0,1.0,0.0,0.0,0.0,1.0,0.6667,0.3333,0.0,0.0,0.8148,0.1852,0.0,1.0,0.0,0.0,0.0,0.0,1.0,0.0808,0.9192,0.0,0.0,0.5867,0.4133,0.0
1.0,0.0,0.0,0.0,0.0,0.0,0.0,1.0,0.0,0.0,0.0,1.0,0.0,1.0,0.0,0.0,0.8148,0.1852,0.0,1.0,0.0,0.0,0.0,0.0,1.0,0.0808,0.9192,0.0,0.0,0.0,0.7248,0.2752
1.0,0.0,0.0,0.0,0.0,0.0,0.0,1.0,0.0,0.0,0.0,1.0,0.0,0.0,1.0,0.0,0.8148,0.1852,0.0,1.0,0.0,0.0,0.0,0.0,1.0,0.0808,0.9192,0.0,0.0,0.0,0.2856,0.7144
1.0,0.0,0.0,0.0,0.0,0.0,0.0,1.0,0.0,0.0,0.0,1.0,0.0,0.0,0.0,1.0,0.8148,0.1852,0.0,1.0,0.0,0.0,0.0,0.0,1.0,0.0808,0.9192,0.0,0.0,0.0,0.0,1.0
0.0,1.0,0.0,0.0,0.0,1.0,0.0,0.0,0.0,0.0,0.0,1.0,1.0,0.0,0.0,0.0,0.0,0.9442,0.0558,1.0,0.0,0.0,0.0,0.0,1.0,0.0,0.9341,0.0659,0.0,0.8033,0.1967,0.0
0.0,1.0,0.0,0.0,0.0,1.0,0.0,0.0,0.0,0.0,0.0,1.0,0.6667,0.3333,0.0,0.0,0.0,0.9442,0.0558,1.0,0.0,0.0,0.0,0.0,1.0,0.0,0.9341,0.0659,0.0,0.0,0.5832,0.4168
0.0,1.0,0.0,0.0,0.0,1.0,0.0,0.0,0.0,0.0,0.0,1.0,0.0,1.0,0.0,0.0,0.0,0.9442,0.0558,1.0,0.0,0.0,0.0,0.0,1.0,0.0,0.9341,0.0659,0.0,0.0,0.0,1.0
0.0,1.0,0.0,0.0,0.0,1.0,0.0,0.0,0.0,0.0,0.0,1.0,0.0,0.0,1.0,0.0,0.0,0.9442,0.0558,1.0,0.0,0.0,0.0,0.0,1.0,0.0,0.9341,0.0659,0.0,0.0,0.0,1.0
0.0,1.0,0.0,0.0,0.0,1.0,0.0,0.0,0.0,0.0,0.0,1.0,0.0,0.0,0.0,1.0,0.0,0.9442,0.0558,1.0,0.0,0.0,0.0,0.0,1.0,0.0,0.9341,0.0659,0.0,0.0,0.0,1.0
0.0,1.0,0.0,0.0,0.0,0.0,0.871,0.129,0.0,0.0,0.0,1.0,1.0,0.0,0.0,0.0,0.7503,0.2497,0.0,1.0,0.0,0.0,0.0,0.0,1.0,0.0,0.7099,0.2901,0.0064,0.9936,0.0,0.0
0.0,1.0,0.0,0.0,0.0,0.0,0.871,0.129,0.0,0.0,0.0,1.0,0.6667,0.3333,0.0,0.0,0.7503,0.2497,0.0,1.0,0.0,0.0,0.0,0.0,1.0,0.0,0.7099,0.2901,0.0,0.436,0.564,0.0
0.0,1.0,0.0,0.0,0.0,0.0,0.871,0.129,0.0,0.0,0.0,1.0,0.0,1.0,0.0,0.0,0.7503,0.2497,0.0,1.0,0.0,0.0,0.0,0.0,1.0,0.0,0.7099,0.2901,0.0,0.0,0.0,1.0
0.0,1.0,0.0,0.0,0.0,0.0,0.871,0.129,0.0,0.0,0.0,1.0,0.0,0.0,1.0,0.0,0.7503,0.2497,0.0,1.0,0.0,0.0,0.0,0.0,1.0,0.0,0.7099,0.2901,0.0,0.0,0.0,1.0
0.0,1.0,0.0,0.0,0.0,0.0,0.871,0.129,0.0,0.0,0.0,1.0,0.0,0.0,0.0,1.0,0.7503,0.2497,0.0,1.0,0.0,0.0,0.0,0.0,1.0,0.0,0.7099,0.2901,0.0,0.0,0.0,1.0
0.0,1.0,0.0,0.0,0.0,0.0,0.9731,0.0269,0.0,0.0,0.875,0.125,1.0,0.0,0.0,0.0,0.7956,0.2044,0.0,1.0,0.0,0.0,0.0,0.2532,0.7468,0.0,0.9758,0.0242,0.7584,0.2416,0.0,0.0
0.0,1.0,0.0,0.0,0.0,0.0,0.9731,0.0269,0.0,0.0,0.875,0.125,0.6667,0.3333,0.0,0.0,0.7956,0.2044,0.0,1.0,0.0,0.0,0.0,0.2532,0.7468,0.0,0.9758,0.0242,0.0,0.26,0.74,0.0
0.0,1.0,0.0,0.0,0.0,0.0,0.9731,0.0269,0.0,0.0,0.875,0.125,0.0,1.0,0.0,0.0,0.7956,0.2044,0.0,1.0,0.0,0.0,0.0,0.2532,0.7468,0.0,0.9758,0.0242,0.0,0.0,0.224,0.776
0.0,1.0,0.0,0.0,0.0,0.0,0.9731,0.0269,0.0,0.0,0.875,0.125,0.0,0.0,1.0,0.0,0.7956,0.2044,0.0,1.0,0.0,0.0,0.0,0.2532,0.7468,0.0,0.9758,0.0242,0.0,0.0,0.0832,0.9168
0.0,1.0,0.0,0.0,0.0,0.0,0.9731,0.0269,0.0,0.0,0.875,0.125,0.0,0.0,0.0,1.0,0.7956,0.2044,0.0,1.0,0.0,0.0,0.0,0.2532,0.7468,0.0,0.9758,0.0242,0.0,0.0,0.0,1.0
1.0,0.0,0.0,0.0,0.0,0.0,0.8548,0.1452,0.0,0.0,0.0,1.0,1.0,0.0,0.0,0.0,0.7407,0.2593,0.0,1.0,0.0,0.0,0.0,0.0,1.0,0.0,0.6615,0.3385,0.9728,0.0272,0.0,0.0
1.0,0.0,0.0,0.0,0.0,0.0,0.8548,0.1452,0.0,0.0,0.0,1.0,0.6667,0.3333,0.0,0.0,0.7407,0.2593,0.0,1.0,0.0,0.0,0.0,0.0,1.0,0.0,0.6615,0.3385,0.116,0.884,0.0,0.0
1.0,0.0,0.0,0.0,0.0,0.0,0.8548,0.1452,0.0,0.0,0.0,1.0,0.0,1.0,0.0,0.0,0.7407,0.2593,0.0,1.0,0.0,0.0,0.0,0.0,1.0,0.0,0.6615,0.3385,0.0,0.8187,0.1813,0.0
1.0,0.0,0.0,0.0,0.0,0.0,0.8548,0.1452,0.0,0.0,0.0,1.0,0.0,0.0,1.0,0.0,0.7407,0.2593,0.0,1.0,0.0,0.0,0.0,0.0,1.0,0.0,0.6615,0.3385,0.0,0.3487,0.6513,0.0
1.0,0.0,0.0,0.0,0.0,0.0,0.8548,0.1452,0.0,0.0,0.0,1.0,0.0,0.0,0.0,1.0,0.7407,0.2593,0.0,1.0,0.0,0.0,0.0,0.0,1.0,0.0,0.6615,0.3385,0.0,0.0,0.7016,0.2984
1.0,0.0,0.0,0.0,1.0,0.0,0.0,0.0,1.0,0.0,0.0,0.0,1.0,0.0,0.0,0.0,0.0,0.0,1.0,0.0,0.0,1.0,0.0,0.4274,0.5726,0.3455,0.6545,0.0,0.8976,0.1024,0.0,0.0
1.0,0.0,0.0,0.0,1.0,0.0,0.0,0.0,1.0,0.0,0.0,0.0,0.6667,0.3333,0.0,0.0,0.0,0.0,1.0,0.0,0.0,1.0,0.0,0.4274,0.5726,0.3455,0.6545,0.0,0.1504,0.8496,0.0,0.0
1.0,0.0,0.0,0.0,1.0,0.0,0.0,0.0,1.0,0.0,0.0,0.0,0.0,1.0,0.0,0.0,0.0,0.0,1.0,0.0,0.0,1.0,0.0,0.4274,0.5726,0.3455,0.6545,0.0,0.0,0.702,0.298,0.0
1.0,0.0,0.0,0.0,1.0,0.0,0.0,0.0,1.0,0.0,0.0,0.0,0.0,0.0,1.0,0.0,0.0,0.0,1.0,0.0,0.0,1.0,0.0,0.4274,0.5726,0.3455,0.6545,0.0,0.0,0.4133,0.5867,0.0
1.0,0.0,0.0,0.0,1.0,0.0,0.0,0.0,1.0,0.0,0.0,0.0,0.0,0.0,0.0,1.0,0.0,0.0,1.0,0.0,0.0,1.0,0.0,0.4274,0.5726,0.3455,0.6545,0.0,0.0,0.0,0.9552,0.0448
1.0,0.0,0.0,0.0,1.0,0.0,0.0,0.0,0.0,1.0,0.0,0.0,0.0,1.0,0.0,0.0,0.0,0.0,1.0,1.0,0.0,0.0,0.0526,0.9474,0.0,0.0,0.0,1.0,0.0,0.0,0.0,1.0
1.0,0.0,0.0,0.0,0.0,1.0,0.0,0.0,0.0,1.0,0.0,0.0,0.0,1.0,0.0,0.0,0.0,0.0,1.0,1.0,0.0,0.0,0.0,0.0,1.0,1.0,0.0,0.0,0.0,0.0,0.0,1.0
0.0,0.0,0.9621,0.0379,1.0,0.0,0.0,0.0,0.0,1.0,0.0,0.0,0.0,1.0,0.0,0.0,0.0,0.454,0.546,1.0,0.0,0.0,0.0,0.0,1.0,0.697,0.303,0.0,0.0,0.0,0.0,1.0
1.0,0.0,0.0,0.0,0.0,1.0,0.0,0.0,1.0,0.0,0.0,0.0,0.0,1.0,0.0,0.0,0.0,0.0,1.0,0.0,0.3333,0.6667,0.0,0.0,1.0,1.0,0.0,0.0,0.0,0.0,0.0,1.0
1.0,0.0,0.0,0.0,1.0,0.0,0.0,0.0,0.0,0.0,0.0,1.0,0.0,1.0,0.0,0.0,0.0,0.0,1.0,1.0,0.0,0.0,0.0,0.0,1.0,0.697,0.303,0.0,0.0,0.0,0.0,1.0
1.0,0.0,0.0,0.0,1.0,0.0,0.0,0.0,0.0,0.75,0.25,0.0,0.0,1.0,0.0,0.0,0.0,0.0,1.0,1.0,0.0,0.0,1.0,0.0,0.0,0.0,0.5055,0.4945,0.0,0.0753,0.9247,0.0
1.0,0.0,0.0,0.0,1.0,0.0,0.0,0.0,0.0,1.0,0.0,0.0,0.0,1.0,0.0,0.0,0.0,0.0,1.0,0.75,0.25,0.0,1.0,0.0,0.0,0.0,0.0,1.0,0.0,0.0,0.0,1.0
1.0,0.0,0.0,0.0,1.0,0.0,0.0,0.0,0.0,1.0,0.0,0.0,0.0,1.0,0.0,0.0,0.0,0.0,1.0,0.0,1.0,0.0,1.0,0.0,0.0,1.0,0.0,0.0,0.0,0.0,0.0,1.0
1.0,0.0,0.0,0.0,1.0,0.0,0.0,0.0,0.0,1.0,0.0,0.0,0.0,1.0,0.0,0.0,0.0,0.0,1.0,0.5,0.5,0.0,1.0,0.0,0.0,0.0,0.4396,0.5604,0.0,0.0,0.3184,0.6816
1.0,0.0,0.0,0.0,0.0,0.0,0.2151,0.7849,0.0,0.0,0.0,1.0,0.0,1.0,0.0,0.0,0.0,0.0,1.0,1.0,0.0,0.0,1.0,0.0,0.0,0.2323,0.7677,0.0,0.0,0.0,0.0,1.0
1.0,0.0,0.0,0.0,1.0,0.0,0.0,0.0,0.0,1.0,0.0,0.0,0.0,1.0,0.0,0.0,0.0,0.0,1.0,0.0,0.0,1.0,0.0,0.0,1.0,1.0,0.0,0.0,0.0,0.0,0.8696,0.1304
0.0,1.0,0.0,0.0,1.0,0.0,0.0,0.0,0.0,1.0,0.0,0.0,0.0,1.0,0.0,0.0,0.0,0.0,1.0,0.0,0.0,1.0,0.0,0.0,1.0,1.0,0.0,0.0,0.0,0.208,0.792,0.0
0.0,1.0,0.0,0.0,0.0,0.0,0.0,1.0,0.0,0.0,0.0,1.0,0.0,1.0,0.0,0.0,0.0,0.0,1.0,0.9,0.1,0.0,0.0263,0.9737,0.0,1.0,0.0,0.0,0.0,0.0,0.0,1.0
0.0,1.0,0.0,0.0,0.0,0.0,0.0,1.0,0.0,0.0,0.0,1.0,0.0,1.0,0.0,0.0,0.0,0.2205,0.7795,0.9,0.1,0.0,0.0,0.5484,0.4516,1.0,0.0,0.0,0.0,0.0,0.6176,0.3824
0.0,1.0,0.0,0.0,0.0,0.0,0.0,1.0,0.0,0.0,0.0,1.0,0.0,1.0,0.0,0.0,0.0,0.2075,0.7925,0.0,0.7333,0.2667,0.0263,0.9737,0.0,1.0,0.0,0.0,0.0,0.0,0.8536,0.1464
1.0,0.0,0.0,0.0,1.0,0.0,0.0,0.0,1.0,0.0,0.0,0.0,0.0,1.0,0.0,0.0,0.0,0.0,1.0,0.5,0.5,0.0,0.0,0.0,1.0,1.0,0.0,0.0,0.0,0.0,0.216,0.784
0.0,0.0,0.0,1.0,1.0,0.0,0.0,0.0,1.0,0.0,0.0,0.0,0.0,1.0,0.0,0.0,1.0,0.0,0.0,0.0,0.6667,0.3333,0.0,0.0,1.0,1.0,0.0,0.0,0.0,0.0,0.46,0.54
1.0,0.0,0.0,0.0,1.0,0.0,0.0,0.0,0.0,0.6875,0.3125,0.0,0.0,1.0,0.0,0.0,0.0,0.0,1.0,1.0,0.0,0.0,1.0,0.0,0.0,0.0,0.5055,0.4945,0.0,0.0753,0.9247,0.0
0.0,0.6701,0.3299,0.0,0.0,0.1148,0.8852,0.0,0.0,1.0,0.0,0.0,0.0,1.0,0.0,0.0,1.0,0.0,0.0,0.05,0.95,0.0,1.0,0.0,0.0,0.0,0.0,1.0,0.0,0.8893,0.1107,0.0
0.0,0.2619,0.7381,0.0,0.0,0.0,0.9677,0.0323,0.0,1.0,0.0,0.0,0.0,1.0,0.0,0.0,1.0,0.0,0.0,0.15,0.85,0.0,1.0,0.0,0.0,0.0,0.0,1.0,0.0,0.2067,0.7933,0.0
0.0,0.0,0.4082,0.5918,1.0,0.0,0.0,0.0,0.0,1.0,0.0,0.0,0.0,1.0,0.0,0.0,0.5336,0.4664,0.0,0.0,0.7333,0.2667,0.0,0.7903,0.2097,0.3939,0.6061,0.0,0.0,0.2133,0.7867,0.0
0.0,0.0,0.0,1.0,0.0,1.0,0.0,0.0,0.0,0.0,0.9375,0.0625,0.0,1.0,0.0,0.0,0.3141,0.6859,0.0,1.0,0.0,0.0,1.0,0.0,0.0,0.0,0.5495,0.4505,0.0,0.0,0.0,1.0
1.0,0.0,0.0,0.0,1.0,0.0,0.0,0.0,0.0,0.0,0.9375,0.0625,0.0,1.0,0.0,0.0,0.0,0.0,1.0,1.0,0.0,0.0,0.0,0.0,1.0,1.0,0.0,0.0,0.0,0.0,0.0,1.0
0.0,0.0,0.0,1.0,1.0,0.0,0.0,0.0,0.0,1.0,0.0,0.0,0.0,1.0,0.0,0.0,0.0,0.8431,0.1569,1.0,0.0,0.0,0.0,0.0,1.0,1.0,0.0,0.0,0.0,0.0,0.1136,0.8864
0.0,0.568,0.432,0.0,1.0,0.0,0.0,0.0,0.0,0.25,0.75,0.0,0.0,1.0,0.0,0.0,0.0,0.0,1.0,1.0,0.0,0.0,0.0,0.0,1.0,1.0,0.0,0.0,0.0,0.0,0.0,1.0
0.0,0.0,0.0,1.0,0.0,0.067,0.933,0.0,0.0,0.0,0.375,0.625,0.0,1.0,0.0,0.0,0.0,0.9728,0.0272,1.0,0.0,0.0,1.0,0.0,0.0,0.2929,0.7071,0.0,0.0,0.0,0.0,1.0
1.0,0.0,0.0,0.0,1.0,0.0,0.0,0.0,0.0,0.25,0.75,0.0,0.0,1.0,0.0,0.0,0.0,0.0,1.0,1.0,0.0,0.0,0.0,0.0,1.0,1.0,0.0,0.0,0.0,0.0,0.0,1.0
1.0,0.0,0.0,0.0,0.0,0.0,0.0,1.0,1.0,0.0,0.0,0.0,1.0,0.0,0.0,0.0,1.0,0.0,0.0,1.0,0.0,0.0,0.0,0.3935,0.6065,0.0,0.0,1.0,1.0,0.0,0.0,0.0
0.0,0.2449,0.7551,0.0,0.0,0.0,0.4247,0.5753,0.0,0.8125,0.1875,0.0,1.0,0.0,0.0,0.0,1.0,0.0,0.0,0.495,0.505,0.0,0.0,0.3903,0.6097,0.6646,0.3354,0.0,0.6464,0.3536,0.0,0.0
0.0,0.2007,0.7993,0.0,0.0,0.134,0.866,0.0,0.0,1.0,0.0,0.0,1.0,0.0,0.0,0.0,1.0,0.0,0.0,0.255,0.745,0.0,0.0,0.3661,0.6339,0.6606,0.3394,0.0,0.5416,0.4584,0.0,0.0
0.0,0.1973,0.8027,0.0,0.0,0.0,0.6129,0.3871,0.0,1.0,0.0,0.0,1.0,0.0,0.0,0.0,1.0,0.0,0.0,0.475,0.525,0.0,0.0,0.3823,0.6177,0.6646,0.3354,0.0,1.0,0.0,0.0,0.0
0.0,1.0,0.0,0.0,0.0,0.0,0.0,1.0,0.0,1.0,0.0,0.0,1.0,0.0,0.0,0.0,1.0,0.0,0.0,1.0,0.0,0.0,0.0,0.3823,0.6177,0.0,0.0,1.0,0.4968,0.5032,0.0,0.0
0.0,1.0,0.0,0.0,0.0,0.0,0.0,1.0,0.0,1.0,0.0,0.0,1.0,0.0,0.0,0.0,1.0,0.0,0.0,1.0,0.0,0.0,0.0,0.3839,0.6161,0.0,0.6923,0.3077,0.3536,0.6464,0.0,0.0
0.0,1.0,0.0,0.0,0.0,0.0,0.0,1.0,0.0,0.9375,0.0625,0.0,1.0,0.0,0.0,0.0,1.0,0.0,0.0,1.0,0.0,0.0,0.0,0.3661,0.6339,0.1899,0.8101,0.0,0.9584,0.0416,0.0,0.0
0.0,1.0,0.0,0.0,0.0,0.0,0.0,1.0,0.0,0.0,0.8125,0.1875,1.0,0.0,0.0,0.0,1.0,0.0,0.0,0.635,0.365,0.0,0.0,0.3677,0.6323,0.6646,0.3354,0.0,0.9344,0.0656,0.0,0.0
1.0,0.0,0.0,0.0,0.0,0.0,0.7957,0.2043,0.0,0.0,0.6875,0.3125,1.0,0.0,0.0,0.0,1.0,0.0,0.0,0.92,0.08,0.0,0.0,0.0,1.0,0.0,0.5736,0.4264,1.0,0.0,0.0,0.0
1.0,0.0,0.0,0.0,0.0,1.0,0.0,0.0,0.0,1.0,0.0,0.0,1.0,0.0,0.0,0.0,0.3141,0.6859,0.0,0.0,0.5467,0.4533,0.5026,0.4974,0.0,0.0,0.0,1.0,1.0,0.0,0.0,0.0
1.0,0.0,0.0,0.0,0.0,0.0,0.0,1.0,0.0,0.0,0.0,1.0,1.0,0.0,0.0,0.0,0.8148,0.1852,0.0,1.0,0.0,0.0,0.0,0.0,1.0,0.1535,0.8465,0.0,0.9512,0.0488,0.0,0.0
1.0,0.0,0.0,0.0,0.0,1.0,0.0,0.0,0.0,1.0,0.0,0.0,1.0,0.0,0.0,0.0,1.0,0.0,0.0,0.74,0.26,0.0,0.0,0.5161,0.4839,0.0,0.0,1.0,1.0,0.0,0.0,0.0
1.0,0.0,0.0,0.0,0.0,0.1483,0.8517,0.0,0.0,1.0,0.0,0.0,1.0,0.0,0.0,0.0,0.2949,0.7051,0.0,0.0,0.4733,0.5267,0.0,0.0,1.0,0.5091,0.4909,0.0,1.0,0.0,0.0,0.0
1.0,0.0,0.0,0.0,0.0,0.0,0.0,1.0,1.0,0.0,0.0,0.0,0.6667,0.3333,0.0,0.0,1.0,0.0,0.0,1.0,0.0,0.0,0.0,0.3935,0.6065,0.0,0.0,1.0,0.8496,0.1504,0.0,0.0
0.0,0.2449,0.7551,0.0,0.0,0.0,0.4247,0.5753,0.0,0.8125,0.1875,0.0,0.6667,0.3333,0.0,0.0,1.0,0.0,0.0,0.495,0.505,0.0,0.0,0.3903,0.6097,0.6646,0.3354,0.0,0.0,0.6273,0.3727,0.0
0.0,0.2007,0.7993,0.0,0.0,0.134,0.866,0.0,0.0,1.0,0.0,0.0,0.6667,0.3333,0.0,0.0,1.0,0.0,0.0,0.255,0.745,0.0,0.0,0.3661,0.6339,0.6606,0.3394,0.0,0.0,0.5507,0.4493,0.0
0.0,0.1973,0.8027,0.0,0.0,0.0,0.6129,0.3871,0.0,1.0,0.0,0.0,0.6667,0.3333,0.0,0.0,1.0,0.0,0.0,0.475,0.525,0.0,0.0,0.3823,0.6177,0.6646,0.3354,0.0,0.0,0.7127,0.2873,0.0
0.0,1.0,0.0,0.0,0.0,0.0,0.0,1.0,0.0,1.0,0.0,0.0,0.6667,0.3333,0.0,0.0,1.0,0.0,0.0,1.0,0.0,0.0,0.0,0.3823,0.6177,0.0,0.0,1.0,0.0,0.85,0.15,0.0
0.0,1.0,0.0,0.0,0.0,0.0,0.0,1.0,0.0,1.0,0.0,0.0,0.6667,0.3333,0.0,0.0,1.0,0.0,0.0,1.0,0.0,0.0,0.0,0.3839,0.6161,0.0,0.6923,0.3077,0.0,0.6327,0.3673,0.0
0.0,1.0,0.0,0.0,0.0,0.0,0.0,1.0,0.0,0.9375,0.0625,0.0,0.6667,0.3333,0.0,0.0,1.0,0.0,0.0,1.0,0.0,0.0,0.0,0.3661,0.6339,0.1899,0.8101,0.0,0.0,0.64,0.36,0.0
0.0,1.0,0.0,0.0,0.0,0.0,0.0,1.0,0.0,0.0,0.8125,0.1875,0.6667,0.3333,0.0,0.0,1.0,0.0,0.0,0.635,0.365,0.0,0.0,0.3677,0.6323,0.6646,0.3354,0.0,0.0,0.8633,0.1367,0.0
1.0,0.0,0.0,0.0,0.0,0.0,0.7957,0.2043,0.0,0.0,0.6875,0.3125,0.6667,0.3333,0.0,0.0,1.0,0.0,0.0,0.92,0.08,0.0,0.0,0.0,1.0,0.0,0.5736,0.4264,0.6464,0.3536,0.0,0.0
1.0,0.0,0.0,0.0,0.0,1.0,0.0,0.0,0.0,1.0,0.0,0.0,0.6667,0.3333,0.0,0.0,0.3141,0.6859,0.0,0.0,0.5467,0.4533,0.5026,0.4974,0.0,0.0,0.0,1.0,0.2272,0.7728,0.0,0.0
1.0,0.0,0.0,0.0,0.0,0.0,0.0,1.0,0.0,0.0,0.0,1.0,0.6667,0.3333,0.0,0.0,0.8148,0.1852,0.0,1.0,0.0,0.0,0.0,0.0,1.0,0.1535,0.8465,0.0,0.0,0.8607,0.1393,0.0
1.0,0.0,0.0,0.0,0.0,1.0,0.0,0.0,0.0,1.0,0.0,0.0,0.6667,0.3333,0.0,0.0,1.0,0.0,0.0,0.74,0.26,0.0,0.0,0.5161,0.4839,0.0,0.0,1.0,0.2576,0.7424,0.0,0.0
1.0,0.0,0.0,0.0,0.0,0.1483,0.8517,0.0,0.0,1.0,0.0,0.0,0.6667,0.3333,0.0,0.0,0.2949,0.7051,0.0,0.0,0.4733,0.5267,0.0,0.0,1.0,0.5091,0.4909,0.0,0.5416,0.4584,0.0,0.0
1.0,0.0,0.0,0.0,0.0,0.0,0.0,1.0,1.0,0.0,0.0,0.0,0.0,1.0,0.0,0.0,1.0,0.0,0.0,1.0,0.0,0.0,0.0,0.3935,0.6065,0.0,0.0,1.0,0.104,0.896,0.0,0.0
0.0,0.2449,0.7551,0.0,0.0,0.0,0.4247,0.5753,0.0,0.8125,0.1875,0.0,0.0,1.0,0.0,0.0,1.0,0.0,0.0,0.495,0.505,0.0,0.0,0.3903,0.6097,0.6646,0.3354,0.0,0.0,0.0,0.6888,0.3112
0.0,0.2007,0.7993,0.0,0.0,0.134,0.866,0.0,0.0,1.0,0.0,0.0,0.0,1.0,0.0,0.0,1.0,0.0,0.0,0.255,0.745,0.0,0.0,0.3661,0.6339,0.6606,0.3394,0.0,0.0,0.2227,0.7773,0.0
0.0,0.1973,0.8027,0.0,0.0,0.0,0.6129,0.3871,0.0,1.0,0.0,0.0,0.0,1.0,0.0,0.0,1.0,0.0,0.0,0.475,0.525,0.0,0.0,0.3823,0.6177,0.6646,0.3354,0.0,0.0,0.0867,0.9133,0.0
0.0,1.0,0.0,0.0,0.0,0.0,0.0,1.0,0.0,1.0,0.0,0.0,0.0,1.0,0.0,0.0,1.0,0.0,0.0,1.0,0.0,0.0,0.0,0.3823,0.6177,0.0,0.0,1.0,0.0,0.5873,0.4127,0.0
0.0,1.0,0.0,0.0,0.0,0.0,0.0,1.0,0.0,1.0,0.0,0.0,0.0,1.0,0.0,0.0,1.0,0.0,0.0,1.0,0.0,0.0,0.0,0.3839,0.6161,0.0,0.6923,0.3077,0.0,0.2867,0.7133,0.0
0.0,1.0,0.0,0.0,0.0,0.0,0.0,1.0,0.0,0.9375,0.0625,0.0,0.0,1.0,0.0,0.0,1.0,0.0,0.0,1.0,0.0,0.0,0.0,0.3661,0.6339,0.1899,0.8101,0.0,0.0,0.0727,0.9273,0.0
0.0,1.0,0.0,0.0,0.0,0.0,0.0,1.0,0.0,0.0,0.8125,0.1875,0.0,1.0,0.0,0.0,1.0,0.0,0.0,0.635,0.365,0.0,0.0,0.3677,0.6323,0.6646,0.3354,0.0,0.0,0.3127,0.6873,0.0
1.0,0.0,0.0,0.0,0.0,0.0,0.7957,0.2043,0.0,0.0,0.6875,0.3125,0.0,1.0,0.0,0.0,1.0,0.0,0.0,0.92,0.08,0.0,0.0,0.0,1.0,0.0,0.5736,0.4264,0.212,0.788,0.0,0.0
1.0,0.0,0.0,0.0,0.0,1.0,0.0,0.0,0.0,1.0,0.0,0.0,0.0,1.0,0.0,0.0,0.3141,0.6859,0.0,0.0,0.5467,0.4533,0.5026,0.4974,0.0,0.0,0.0,1.0,0.0224,0.9776,0.0,0.0
1.0,0.0,0.0,0.0,0.0,0.0,0.0,1.0,0.0,0.0,0.0,1.0,0.0,1.0,0.0,0.0,0.8148,0.1852,0.0,1.0,0.0,0.0,0.0,0.0,1.0,0.1535,0.8465,0.0,0.0,0.0,0.8288,0.1712
1.0,0.0,0.0,0.0,0.0,1.0,0.0,0.0,0.0,1.0,0.0,0.0,0.0,1.0,0.0,0.0,1.0,0.0,0.0,0.74,0.26,0.0,0.0,0.5161,0.4839,0.0,0.0,1.0,0.0,0.3487,0.6513,0.0
1.0,0.0,0.0,0.0,0.0,0.1483,0.8517,0.0,0.0,1.0,0.0,0.0,0.0,1.0,0.0,0.0,0.2949,0.7051,0.0,0.0,0.4733,0.5267,0.0,0.0,1.0,0.5091,0.4909,0.0,0.0,0.6153,0.3847,0.0
1.0,0.0,0.0,0.0,0.0,0.0,0.0,1.0,1.0,0.0,0.0,0.0,0.0,0.0,1.0,0.0,1.0,0.0,0.0,1.0,0.0,0.0,0.0,0.3935,0.6065,0.0,0.0,1.0,0.0,0.396,0.604,0.0
0.0,0.2449,0.7551,0.0,0.0,0.0,0.4247,0.5753,0.0,0.8125,0.1875,0.0,0.0,0.0,1.0,0.0,1.0,0.0,0.0,0.495,0.505,0.0,0.0,0.3903,0.6097,0.6646,0.3354,0.0,0.0,0.0,0.1024,0.8976
0.0,0.2007,0.7993,0.0,0.0,0.134,0.866,0.0,0.0,1.0,0.0,0.0,0.0,0.0,1.0,0.0,1.0,0.0,0.0,0.255,0.745,0.0,0.0,0.3661,0.6339,0.6606,0.3394,0.0,0.0,0.0,0.5128,0.4872
0.0,0.1973,0.8027,0.0,0.0,0.0,0.6129,0.3871,0.0,1.0,0.0,0.0,0.0,0.0,1.0,0.0,1.0,0.0,0.0,0.475,0.525,0.0,0.0,0.3823,0.6177,0.6646,0.3354,0.0,0.0,0.0,0.2624,0.7376
0.0,1.0,0.0,0.0,0.0,0.0,0.0,1.0,0.0,1.0,0.0,0.0,0.0,0.0,1.0,0.0,1.0,0.0,0.0,1.0,0.0,0.0,0.0,0.3823,0.6177,0.0,0.0,1.0,0.0,0.4433,0.5567,0.0
0.0,1.0,0.0,0.0,0.0,0.0,0.0,1.0,0.0,1.0,0.0,0.0,0.0,0.0,1.0,0.0,1.0,0.0,0.0,1.0,0.0,0.0,0.0,0.3839,0.6161,0.0,0.6923,0.3077,0.0,0.0,0.0984,0.9016
0.0,1.0,0.0,0.0,0.0,0.0,0.0,1.0,0.0,0.9375,0.0625,0.0,0.0,0.0,1.0,0.0,1.0,0.0,0.0,1.0,0.0,0.0,0.0,0.3661,0.6339,0.1899,0.8101,0.0,0.0,0.0,0.1232,0.8768
0.0,1.0,0.0,0.0,0.0,0.0,0.0,1.0,0.0,0.0,0.8125,0.1875,0.0,0.0,1.0,0.0,1.0,0.0,0.0,0.635,0.365,0.0,0.0,0.3677,0.6323,0.6646,0.3354,0.0,0.0,0.0,0.4808,0.5192
1.0,0.0,0.0,0.0,0.0,0.0,0.7957,0.2043,0.0,0.0,0.6875,0.3125,0.0,0.0,1.0,0.0,1.0,0.0,0.0,0.92,0.08,0.0,0.0,0.0,1.0,0.0,0.5736,0.4264,0.0,0.7187,0.2813,0.0
1.0,0.0,0.0,0.0,0.0,1.0,0.0,0.0,0.0,1.0,0.0,0.0,0.0,0.0,1.0,0.0,0.3141,0.6859,0.0,0.0,0.5467,0.4533,0.5026,0.4974,0.0,0.0,0.0,1.0,0.0,0.1907,0.8093,0.0
1.0,0.0,0.0,0.0,0.0,0.0,0.0,1.0,0.0,0.0,0.0,1.0,0.0,0.0,1.0,0.0,0.8148,0.1852,0.0,1.0,0.0,0.0,0.0,0.0,1.0,0.1535,0.8465,0.0,0.0,0.0,0.2992,0.7008
1.0,0.0,0.0,0.0,0.0,1.0,0.0,0.0,0.0,1.0,0.0,0.0,0.0,0.0,1.0,0.0,1.0,0.0,0.0,0.74,0.26,0.0,0.0,0.5161,0.4839,0.0,0.0,1.0,0.0,0.0,0.9288,0.0712
1.0,0.0,0.0,0.0,0.0,0.1483,0.8517,0.0,0.0,1.0,0.0,0.0,0.0,0.0,1.0,0.0,0.2949,0.7051,0.0,0.0,0.4733,0.5267,0.0,0.0,1.0,0.5091,0.4909,0.0,0.0,0.2153,0.7847,0.0
1.0,0.0,0.0,0.0,0.0,0.0,0.0,1.0,1.0,0.0,0.0,0.0,0.0,0.0,0.0,1.0,1.0,0.0,0.0,1.0,0.0,0.0,0.0,0.3935,0.6065,0.0,0.0,1.0,0.0,0.3027,0.6973,0.0
0.0,0.2449,0.7551,0.0,0.0,0.0,0.4247,0.5753,0.0,0.8125,0.1875,0.0,0.0,0.0,0.0,1.0,1.0,0.0,0.0,0.495,0.505,0.0,0.0,0.3903,0.6097,0.6646,0.3354,0.0,0.0,0.0,0.0,1.0
0.0,0.2007,0.7993,0.0,0.0,0.134,0.866,0.0,0.0,1.0,0.0,0.0,0.0,0.0,0.0,1.0,1.0,0.0,0.0,0.255,0.745,0.0,0.0,0.3661,0.6339,0.6606,0.3394,0.0,0.0,0.0,0.4008,0.5992
0.0,0.1973,0.8027,0.0,0.0,0.0,0.6129,0.3871,0.0,1.0,0.0,0.0,0.0,0.0,0.0,1.0,1.0,0.0,0.0,0.475,0.525,0.0,0.0,0.3823,0.6177,0.6646,0.3354,0.0,0.0,0.0,0.1072,0.8928
0.0,1.0,0.0,0.0,0.0,0.0,0.0,1.0,0.0,1.0,0.0,0.0,0.0,0.0,0.0,1.0,1.0,0.0,0.0,1.0,0.0,0.0,0.0,0.3823,0.6177,0.0,0.0,1.0,0.0,0.3213,0.6787,0.0
0.0,1.0,0.0,0.0,0.0,0.0,0.0,1.0,0.0,1.0,0.0,0.0,0.0,0.0,0.0,1.0,1.0,0.0,0.0,1.0,0.0,0.0,0.0,0.3839,0.6161,0.0,0.6923,0.3077,0.0,0.0,0.0,1.0
0.0,1.0,0.0,0.0,0.0,0.0,0.0,1.0,0.0,0.9375,0.0625,0.0,0.0,0.0,0.0,1.0,1.0,0.0,0.0,1.0,0.0,0.0,0.0,0.3661,0.6339,0.1899,0.8101,0.0,0.0,0.0,0.0,1.0
0.0,1.0,0.0,0.0,0.0,0.0,0.0,1.0,0.0,0.0,0.8125,0.1875,0.0,0.0,0.0,1.0,1.0,0.0,0.0,0.635,0.365,0.0,0.0,0.3677,0.6323,0.6646,0.3354,0.0,0.0,0.0,0.3248,0.6752
1.0,0.0,0.0,0.0,0.0,0.0,0.7957,0.2043,0.0,0.0,0.6875,0.3125,0.0,0.0,0.0,1.0,1.0,0.0,0.0,0.92,0.08,0.0,0.0,0.0,1.0,0.0,0.5736,0.4264,0.0,0.596,0.404,0.0
1.0,0.0,0.0,0.0,0.0,1.0,0.0,0.0,0.0,1.0,0.0,0.0,0.0,0.0,0.0,1.0,0.3141,0.6859,0.0,0.0,0.5467,0.4533,0.5026,0.4974,0.0,0.0,0.0,1.0,0.0,0.0893,0.9107,0.0
1.0,0.0,0.0,0.0,0.0,0.0,0.0,1.0,0.0,0.0,0.0,1.0,0.0,0.0,0.0,1.0,0.8148,0.1852,0.0,1.0,0.0,0.0,0.0,0.0,1.0,0.1535,0.8465,0.0,0.0,0.0,0.1632,0.8368
1.0,0.0,0.0,0.0,0.0,1.0,0.0,0.0,0.0,1.0,0.0,0.0,0.0,0.0,0.0,1.0,1.0,0.0,0.0,0.74,0.26,0.0,0.0,0.5161,0.4839,0.0,0.0,1.0,0.0,0.0,0.8576,0.1424
1.0,0.0,0.0,0.0,0.0,0.1483,0.8517,0.0,0.0,1.0,0.0,0.0,0.0,0.0,0.0,1.0,0.2949,0.7051,0.0,0.0,0.4733,0.5267,0.0,0.0,1.0,0.5091,0.4909,0.0,0.0,0.1567,0.8433,0.0
0.0,1.0,0.0,0.0,0.0,1.0,0.0,0.0,0.0,0.0,0.0,1.0,0.0,1.0,0.0,0.0,0.0,0.0,1.0,1.0,0.0,0.0,0.0263,0.9737,0.0,1.0,0.0,0.0,0.0,0.0,0.0,1.0
0.0,1.0,0.0,0.0,0.0,1.0,0.0,0.0,0.0,0.0,0.0,1.0,0.0,1.0,0.0,0.0,0.0,0.0,1.0,1.0,0.0,0.0,0.0263,0.9737,0.0,1.0,0.0,0.0,0.0,0.0,0.8464,0.1536
0.0,1.0,0.0,0.0,0.0,1.0,0.0,0.0,0.0,0.0,0.0,1.0,0.0,1.0,0.0,0.0,0.0,0.0,1.0,1.0,0.0,0.0,0.0263,0.9737,0.0,1.0,0.0,0.0,0.0,0.0,0.3184,0.6816
0.0,1.0,0.0,0.0,0.0,1.0,0.0,0.0,0.0,0.0,0.4375,0.5625,0.0,1.0,0.0,0.0,0.0,0.0,1.0,1.0,0.0,0.0,0.0263,0.9737,0.0,1.0,0.0,0.0,0.0,0.0,0.1288,0.8712
0.0,1.0,0.0,0.0,0.0,1.0,0.0,0.0,0.0,0.0,0.0,1.0,1.0,0.0,0.0,0.0,0.0,0.0,1.0,1.0,0.0,0.0,0.0263,0.9737,0.0,1.0,0.0,0.0,0.0,0.476,0.524,0.0
0.0,1.0,0.0,0.0,0.0,1.0,0.0,0.0,0.0,0.0,0.0,1.0,1.0,0.0,0.0,0.0,0.0,0.0,1.0,1.0,0.0,0.0,0.0263,0.9737,0.0,1.0,0.0,0.0,0.1984,0.8016,0.0,0.0
0.0,1.0,0.0,0.0,0.0,1.0,0.0,0.0,0.0,0.0,0.0,1.0,1.0,0.0,0.0,0.0,0.0,0.0,1.0,1.0,0.0,0.0,0.0263,0.9737,0.0,1.0,0.0,0.0,0.332,0.668,0.0,0.0
0.0,1.0,0.0,0.0,0.0,1.0,0.0,0.0,0.0,0.0,0.0,1.0,1.0,0.0,0.0,0.0,0.0,0.0,1.0,1.0,0.0,0.0,0.0263,0.9737,0.0,1.0,0.0,0.0,0.0,0.0,0.2392,0.7608
0.0,1.0,0.0,0.0,0.0,1.0,0.0,0.0,0.0,0.0,0.0,1.0,1.0,0.0,0.0,0.0,0.0,0.0,1.0,1.0,0.0,0.0,0.0263,0.9737,0.0,1.0,0.0,0.0,0.0,0.2987,0.7013,0.0
0.0,1.0,0.0,0.0,0.0,1.0,0.0,0.0,0.0,0.0,0.0,1.0,1.0,0.0,0.0,0.0,0.0,0.0,1.0,1.0,0.0,0.0,0.0263,0.9737,0.0,1.0,0.0,0.0,0.0,0.2133,0.7867,0.0
0.0,1.0,0.0,0.0,0.0,1.0,0.0,0.0,0.0,0.0,0.0,1.0,0.0,0.0,1.0,0.0,0.0,0.0,1.0,1.0,0.0,0.0,0.0263,0.9737,0.0,1.0,0.0,0.0,0.0,0.0,0.0,1.0
0.0,1.0,0.0,0.0,0.0,1.0,0.0,0.0,0.0,0.0,0.0,1.0,0.0,0.0,1.0,0.0,0.0,0.0,1.0,1.0,0.0,0.0,0.0263,0.9737,0.0,1.0,0.0,0.0,0.0,0.0,0.0,1.0
0.0,1.0,0.0,0.0,0.0,1.0,0.0,0.0,0.0,0.0,0.0,1.0,0.0,0.0,1.0,0.0,0.0,0.0,1.0,1.0,0.0,0.0,0.0263,0.9737,0.0,1.0,0.0,0.0,0.0,0.0,0.0,1.0
0.0,1.0,0.0,0.0,0.0,1.0,0.0,0.0,0.0,0.0,0.4375,0.5625,0.0,0.0,1.0,0.0,0.0,0.0,1.0,1.0,0.0,0.0,0.0263,0.9737,0.0,1.0,0.0,0.0,0.0,0.0,0.0184,0.9816
0.0,1.0,0.0,0.0,0.0,1.0,0.0,0.0,0.0,0.0,0.0,1.0,0.0,1.0,0.0,0.0,0.0,0.0,1.0,1.0,0.0,0.0,0.7895,0.2105,0.0,0.0,0.0,1.0,0.0,0.0,0.3808,0.6192
0.0,1.0,0.0,0.0,0.0,1.0,0.0,0.0,0.0,0.0,0.0,1.0,0.0,1.0,0.0,0.0,0.0,0.0,1.0,1.0,0.0,0.0,0.7895,0.2105,0.0,0.0,0.0,1.0,0.0,0.0,0.6656,0.3344
0.0,1.0,0.0,0.0,0.0,1.0,0.0,0.0,0.0,0.0,0.0,1.0,0.0,1.0,0.0,0.0,0.0,0.0,1.0,1.0,0.0,0.0,0.7895,0.2105,0.0,0.0,0.0,1.0,0.0,0.0,0.6656,0.3344
0.0,1.0,0.0,0.0,0.0,1.0,0.0,0.0,0.0,0.0,0.0,1.0,1.0,0.0,0.0,0.0,0.0,0.0,1.0,1.0,0.0,0.0,0.7895,0.2105,0.0,0.0,0.0,1.0,0.38,0.62,0.0,0.0
0.0,1.0,0.0,0.0,0.0,1.0,0.0,0.0,0.0,0.0,0.0,1.0,1.0,0.0,0.0,0.0,0.0,0.0,1.0,1.0,0.0,0.0,0.7895,0.2105,0.0,0.0,0.0,1.0,0.1592,0.8408,0.0,0.0
0.0,1.0,0.0,0.0,0.0,1.0,0.0,0.0,0.0,0.0,0.0,1.0,1.0,0.0,0.0,0.0,0.0,0.0,1.0,1.0,0.0,0.0,0.7895,0.2105,0.0,0.0,0.0,1.0,0.0,0.5153,0.4847,0.0
0.0,1.0,0.0,0.0,0.0,1.0,0.0,0.0,0.0,0.0,0.0,1.0,1.0,0.0,0.0,0.0,0.0,0.0,1.0,1.0,0.0,0.0,0.7895,0.2105,0.0,0.0,0.0,1.0,0.0,0.3773,0.6227,0.0
0.0,1.0,0.0,0.0,0.0,1.0,0.0,0.0,0.0,0.0,0.0,1.0,1.0,0.0,0.0,0.0,0.0,0.0,1.0,1.0,0.0,0.0,0.7895,0.2105,0.0,0.0,0.0,1.0,0.0,0.0,0.728,0.272
0.0,1.0,0.0,0.0,0.0,1.0,0.0,0.0,0.0,0.0,0.0,1.0,1.0,0.0,0.0,0.0,0.0,0.0,1.0,1.0,0.0,0.0,0.7895,0.2105,0.0,0.0,0.0,1.0,0.0,0.0553,0.9447,0.0
0.0,1.0,0.0,0.0,0.0,1.0,0.0,0.0,0.0,0.0,0.0,1.0,0.0,0.0,1.0,0.0,0.0,0.0,1.0,1.0,0.0,0.0,0.7895,0.2105,0.0,0.0,0.0,1.0,0.0,0.0,0.0,1.0
0.0,1.0,0.0,0.0,0.0,1.0,0.0,0.0,0.0,0.0,0.0,1.0,0.0,0.0,1.0,0.0,0.0,0.0,1.0,1.0,0.0,0.0,0.7895,0.2105,0.0,0.0,0.0,1.0,0.0,0.0,0.5624,0.4376
0.0,1.0,0.0,0.0,0.0,1.0,0.0,0.0,0.0,0.0,0.0,1.0,0.0,0.0,1.0,0.0,0.0,0.0,1.0,1.0,0.0,0.0,0.7895,0.2105,0.0,0.0,0.0,1.0,0.0,0.0,0.0,1.0
0.0,1.0,0.0,0.0,0.0,1.0,0.0,0.0,0.0,0.0,0.0,1.0,0.0,1.0,0.0,0.0,0.0,0.0,1.0,1.0,0.0,0.0,0.0263,0.9737,0.0,0.0,0.0,1.0,0.0,0.0,0.8776,0.1224
0.0,1.0,0.0,0.0,0.0,1.0,0.0,0.0,0.0,0.0,0.0,1.0,0.0,1.0,0.0,0.0,0.0,0.0,1.0,1.0,0.0,0.0,0.0263,0.9737,0.0,0.0,0.0,1.0,0.0,0.0,0.0,1.0
0.0,1.0,0.0,0.0,0.0,0.0,0.914,0.086,0.0,1.0,0.0,0.0,0.0,1.0,0.0,0.0,0.0,0.0,1.0,0.0,0.0,1.0,1.0,0.0,0.0,1.0,0.0,0.0,0.0,0.0,0.0,1.0
0.0,1.0,0.0,0.0,0.0,0.0,0.914,0.086,0.0,1.0,0.0,0.0,0.0,1.0,0.0,0.0,0.0,0.0,1.0,0.0,0.0,1.0,1.0,0.0,0.0,1.0,0.0,0.0,0.0,0.0,0.0,1.0
0.0,1.0,0.0,0.0,0.0,0.0,0.914,0.086,0.0,1.0,0.0,0.0,1.0,0.0,0.0,0.0,0.0,0.0,1.0,0.0,0.0,1.0,1.0,0.0,0.0,1.0,0.0,0.0,0.1512,0.8488,0.0,0.0
0.0,1.0,0.0,0.0,0.0,0.0,0.914,0.086,0.0,1.0,0.0,0.0,1.0,0.0,0.0,0.0,0.0,0.0,1.0,0.0,0.0,1.0,1.0,0.0,0.0,1.0,0.0,0.0,0.0,0.6007,0.3993,0.0
0.0,1.0,0.0,0.0,0.0,0.0,0.914,0.086,0.0,1.0,0.0,0.0,0.0,0.0,1.0,0.0,0.0,0.0,1.0,0.0,0.0,1.0,1.0,0.0,0.0,1.0,0.0,0.0,0.0,0.0,0.0,1.0
0.0,1.0,0.0,0.0,0.0,0.0,0.914,0.086,0.0,1.0,0.0,0.0,1.0,0.0,0.0,0.0,0.0,0.0,1.0,0.0,0.0,1.0,1.0,0.0,0.0,1.0,0.0,0.0,0.0,0.8633,0.1367,0.0
0.0,1.0,0.0,0.0,0.0,0.0,0.914,0.086,0.0,1.0,0.0,0.0,1.0,0.0,0.0,0.0,0.0,0.0,1.0,0.0,0.0,1.0,1.0,0.0,0.0,1.0,0.0,0.0,0.0,0.3053,0.6947,0.0
0.0,1.0,0.0,0.0,0.0,0.0,0.914,0.086,0.0,1.0,0.0,0.0,0.0,0.0,1.0,0.0,0.0,0.0,1.0,0.0,0.0,1.0,1.0,0.0,0.0,1.0,0.0,0.0,0.0,0.0,0.0,1.0
0.0,1.0,0.0,0.0,0.0,0.0,0.4301,0.5699,0.0,0.5625,0.4375,0.0,0.0,1.0,0.0,0.0,0.0,0.0,1.0,0.35,0.65,0.0,1.0,0.0,0.0,0.596,0.404,0.0,0.0,0.0,0.0,1.0
0.0,1.0,0.0,0.0,0.0,0.0,0.4301,0.5699,0.0,0.5625,0.4375,0.0,1.0,0.0,0.0,0.0,0.0,0.0,1.0,0.35,0.65,0.0,1.0,0.0,0.0,0.596,0.404,0.0,0.0,0.6993,0.3007,0.0
0.0,1.0,0.0,0.0,0.0,0.0,0.4301,0.5699,0.0,0.3125,0.6875,0.0,0.0,1.0,0.0,0.0,0.0,0.0,1.0,0.85,0.15,0.0,1.0,0.0,0.0,0.596,0.404,0.0,0.0,0.0,0.0,1.0
0.0,1.0,0.0,0.0,0.0,0.0,0.4301,0.5699,0.0,0.5625,0.4375,0.0,1.0,0.0,0.0,0.0,0.0,0.0,1.0,0.35,0.65,0.0,1.0,0.0,0.0,0.596,0.404,0.0,0.0,0.2333,0.7667,0.0
0.0,1.0,0.0,0.0,0.0,0.0,0.4301,0.5699,0.0,0.5625,0.4375,0.0,0.0,0.0,1.0,0.0,0.0,0.0,1.0,0.35,0.65,0.0,1.0,0.0,0.0,0.596,0.404,0.0,0.0,0.0,0.0,1.0
0.0,1.0,0.0,0.0,0.0,0.0,0.4301,0.5699,0.0,0.3125,0.6875,0.0,1.0,0.0,0.0,0.0,0.0,0.0,1.0,0.85,0.15,0.0,1.0,0.0,0.0,0.596,0.404,0.0,0.0,0.6927,0.3073,0.0
0.0,1.0,0.0,0.0,0.0,0.0,0.4301,0.5699,0.0,0.3125,0.6875,0.0,1.0,0.0,0.0,0.0,0.0,0.0,1.0,0.85,0.15,0.0,1.0,0.0,0.0,0.596,0.404,0.0,0.0,0.1473,0.8527,0.0
0.0,1.0,0.0,0.0,0.0,0.0,0.4301,0.5699,0.0,0.3125,0.6875,0.0,0.0,0.0,1.0,0.0,0.0,0.0,1.0,0.85,0.15,0.0,1.0,0.0,0.0,0.596,0.404,0.0,0.0,0.0,0.0,1.0
0.0,1.0,0.0,0.0,0.0,0.0,0.0,1.0,0.0,1.0,0.0,0.0,0.0,1.0,0.0,0.0,0.9726,0.0274,0.0,0.0,0.0,1.0,0.6842,0.3158,0.0,0.0,0.5275,0.4725,0.4424,0.5576,0.0,0.0
0.0,1.0,0.0,0.0,0.0,0.0,0.0,1.0,0.0,1.0,0.0,0.0,1.0,0.0,0.0,0.0,0.9726,0.0274,0.0,0.0,0.0,1.0,0.6842,0.3158,0.0,0.0,0.5275,0.4725,1.0,0.0,0.0,0.0
0.0,1.0,0.0,0.0,0.0,0.0,0.0,1.0,0.0,1.0,0.0,0.0,1.0,0.0,0.0,0.0,0.9726,0.0274,0.0,0.0,0.0,1.0,0.6842,0.3158,0.0,0.0,0.5275,0.4725,0.9944,0.0056,0.0,0.0
0.0,1.0,0.0,0.0,0.0,0.0,0.0,1.0,0.0,1.0,0.0,0.0,0.0,0.0,1.0,0.0,0.9726,0.0274,0.0,0.0,0.0,1.0,0.6842,0.3158,0.0,0.0,0.5275,0.4725,0.34,0.66,0.0,0.0
0.0,1.0,0.0,0.0,0.0,0.0,0.0,1.0,0.0,1.0,0.0,0.0,0.0,1.0,0.0,0.0,0.0,0.856,0.144,0.3,0.7,0.0,1.0,0.0,0.0,0.0,0.5275,0.4725,0.0,0.0,0.9016,0.0984
0.0,1.0,0.0,0.0,0.0,0.0,0.0,1.0,0.0,1.0,0.0,0.0,1.0,0.0,0.0,0.0,0.0,0.856,0.144,0.3,0.7,0.0,1.0,0.0,0.0,0.0,0.5275,0.4725,1.0,0.0,0.0,0.0
0.0,1.0,0.0,0.0,0.0,0.0,0.0,1.0,0.0,1.0,0.0,0.0,1.0,0.0,0.0,0.0,0.0,0.856,0.144,0.3,0.7,0.0,1.0,0.0,0.0,0.0,0.5275,0.4725,0.2696,0.7304,0.0,0.0
0.0,1.0,0.0,0.0,0.0,0.0,0.0,1.0,0.0,1.0,0.0,0.0,0.0,0.0,1.0,0.0,0.0,0.856,0.144,0.3,0.7,0.0,1.0,0.0,0.0,0.0,0.5275,0.4725,0.0,0.0,0.8384,0.1616
0.0,1.0,0.0,0.0,0.0,0.0,0.0,1.0,0.0,0.0,0.0625,0.9375,0.0,1.0,0.0,0.0,0.0,0.0,1.0,1.0,0.0,0.0,0.6842,0.3158,0.0,0.0,0.5275,0.4725,0.0,0.0,0.0,1.0
0.0,1.0,0.0,0.0,0.0,0.0,0.0,1.0,0.0,0.0,0.0625,0.9375,0.0,1.0,0.0,0.0,0.0,0.0,1.0,1.0,0.0,0.0,0.6842,0.3158,0.0,0.0,0.5275,0.4725,0.0,0.0,0.0,1.0
0.0,1.0,0.0,0.0,0.0,0.0,0.0,1.0,0.0,0.0,0.0625,0.9375,1.0,0.0,0.0,0.0,0.0,0.0,1.0,1.0,0.0,0.0,0.6842,0.3158,0.0,0.0,0.5275,0.4725,0.1904,0.8096,0.0,0.0
0.0,1.0,0.0,0.0,0.0,0.0,0.0,1.0,0.0,0.0,0.0625,0.9375,1.0,0.0,0.0,0.0,0.0,0.0,1.0,1.0,0.0,0.0,0.6842,0.3158,0.0,0.0,0.5275,0.4725,0.3088,0.6912,0.0,0.0
0.0,1.0,0.0,0.0,0.0,0.0,0.0,1.0,0.0,0.0,0.0625,0.9375,1.0,0.0,0.0,0.0,0.0,0.0,1.0,1.0,0.0,0.0,0.6842,0.3158,0.0,0.0,0.5275,0.4725,0.0,0.45,0.55,0.0
0.0,1.0,0.0,0.0,0.0,0.0,0.0,1.0,0.0,0.0,0.0625,0.9375,1.0,0.0,0.0,0.0,0.0,0.0,1.0,1.0,0.0,0.0,0.6842,0.3158,0.0,0.0,0.5275,0.4725,0.0,0.2593,0.7407,0.0
0.0,1.0,0.0,0.0,0.0,0.0,0.0,1.0,0.0,0.0,0.0625,0.9375,0.0,0.0,1.0,0.0,0.0,0.0,1.0,1.0,0.0,0.0,0.6842,0.3158,0.0,0.0,0.5275,0.4725,0.0,0.0,0.0,1.0
0.0,1.0,0.0,0.0,0.0,0.0,0.0,1.0,0.0,0.0,0.0625,0.9375,0.0,0.0,1.0,0.0,0.0,0.0,1.0,1.0,0.0,0.0,0.6842,0.3158,0.0,0.0,0.5275,0.4725,0.0,0.0,0.0,1.0
1.0,0.0,0.0,0.0,1.0,0.0,0.0,0.0,1.0,0.0,0.0,0.0,0.0,1.0,0.0,0.0,0.0,0.0,1.0,0.0,0.0,1.0,1.0,0.0,0.0,1.0,0.0,0.0,0.292,0.708,0.0,0.0
1.0,0.0,0.0,0.0,1.0,0.0,0.0,0.0,1.0,0.0,0.0,0.0,0.0,0.0,0.0,1.0,0.0,0.7912,0.2088,0.0,0.5333,0.4667,1.0,0.0,0.0,0.0,0.0,1.0,0.0,0.6953,0.3047,0.0
1.0,0.0,0.0,0.0,1.0,0.0,0.0,0.0,1.0,0.0,0.0,0.0,1.0,0.0,0.0,0.0,0.0,0.7912,0.2088,0.0,0.5333,0.4667,1.0,0.0,0.0,0.0,0.0,1.0,1.0,0.0,0.0,0.0
1.0,0.0,0.0,0.0,1.0,0.0,0.0,0.0,1.0,0.0,0.0,0.0,1.0,0.0,0.0,0.0,0.0,0.0,1.0,0.0,0.5333,0.4667,0.7211,0.2789,0.0,0.0,0.8659,0.1341,0.664,0.336,0.0,0.0
1.0,0.0,0.0,0.0,1.0,0.0,0.0,0.0,1.0,0.0,0.0,0.0,0.0,0.0,0.0,1.0,0.0,0.0,1.0,0.0,0.5333,0.4667,0.7211,0.2789,0.0,0.0,0.8659,0.1341,0.0,0.0,0.492,0.508
1.0,0.0,0.0,0.0,1.0,0.0,0.0,0.0,1.0,0.0,0.0,0.0,0.0,1.0,0.0,0.0,0.0,0.0,1.0,0.0,0.5333,0.4667,0.7211,0.2789,0.0,0.0,0.8659,0.1341,0.0,0.1933,0.8067,0.0
1.0,0.0,0.0,0.0,1.0,0.0,0.0,0.0,1.0,0.0,0.0,0.0,0.0,1.0,0.0,0.0,0.0,0.0,1.0,0.0,0.5333,0.4667,0.8368,0.1632,0.0,1.0,0.0,0.0,0.0,0.0,0.8848,0.1152
1.0,0.0,0.0,0.0,1.0,0.0,0.0,0.0,1.0,0.0,0.0,0.0,1.0,0.0,0.0,0.0,0.0,0.0,1.0,0.0,0.5333,0.4667,0.8368,0.1632,0.0,1.0,0.0,0.0,0.0,0.5287,0.4713,0.0
1.0,0.0,0.0,0.0,1.0,0.0,0.0,0.0,1.0,0.0,0.0,0.0,0.0,0.0,0.0,1.0,0.0,0.0,1.0,0.0,0.5333,0.4667,0.8368,0.1632,0.0,1.0,0.0,0.0,0.0,0.0,0.0544,0.9456
1.0,0.0,0.0,0.0,1.0,0.0,0.0,0.0,1.0,0.0,0.0,0.0,1.0,0.0,0.0,0.0,0.0,0.0,1.0,0.0,0.5333,0.4667,0.8368,0.1632,0.0,1.0,0.0,0.0,0.248,0.752,0.0,0.0
1.0,0.0,0.0,0.0,1.0,0.0,0.0,0.0,1.0,0.0,0.0,0.0,1.0,0.0,0.0,0.0,0.0,0.2205,0.7795,0.0,0.5333,0.4667,0.9684,0.0316,0.0,0.0,0.0,1.0,0.9504,0.0496,0.0,0.0
1.0,0.0,0.0,0.0,1.0,0.0,0.0,0.0,1.0,0.0,0.0,0.0,0.0,0.0,0.0,1.0,0.2455,0.7545,0.0,0.0,0.5333,0.4667,1.0,0.0,0.0,0.0,0.0,1.0,0.4512,0.5488,0.0,0.0
1.0,0.0,0.0,0.0,1.0,0.0,0.0,0.0,1.0,0.0,0.0,0.0,1.0,0.0,0.0,0.0,0.2455,0.7545,0.0,0.0,0.5333,0.4667,1.0,0.0,0.0,0.0,0.0,1.0,1.0,0.0,0.0,0.0
1.0,0.0,0.0,0.0,1.0,0.0,0.0,0.0,1.0,0.0,0.0,0.0,1.0,0.0,0.0,0.0,0.0,0.7912,0.2088,0.0,0.5333,0.4667,1.0,0.0,0.0,0.0,0.0,1.0,1.0,0.0,0.0,0.0
1.0,0.0,0.0,0.0,1.0,0.0,0.0,0.0,1.0,0.0,0.0,0.0,0.0,1.0,0.0,0.0,0.2455,0.7545,0.0,0.0,0.5333,0.4667,1.0,0.0,0.0,0.0,0.0,1.0,0.7,0.3,0.0,0.0
1.0,0.0,0.0,0.0,1.0,0.0,0.0,0.0,1.0,0.0,0.0,0.0,0.0,1.0,0.0,0.0,0.0,0.2205,0.7795,0.0,0.5333,0.4667,0.9684,0.0316,0.0,0.0,0.0,1.0,0.0,0.702,0.298,0.0
1.0,0.0,0.0,0.0,1.0,0.0,0.0,0.0,1.0,0.0,0.0,0.0,1.0,0.0,0.0,0.0,0.0,0.2205,0.7795,0.0,0.5333,0.4667,0.9684,0.0316,0.0,0.0,0.0,1.0,0.328,0.672,0.0,0.0
1.0,0.0,0.0,0.0,1.0,0.0,0.0,0.0,1.0,0.0,0.0,0.0,0.0,1.0,0.0,0.0,0.0,0.7912,0.2088,0.0,0.5333,0.4667,1.0,0.0,0.0,0.0,0.0,1.0,0.1544,0.8456,0.0,0.0
1.0,0.0,0.0,0.0,1.0,0.0,0.0,0.0,1.0,0.0,0.0,0.0,0.0,0.0,0.0,1.0,0.0,0.2205,0.7795,0.0,0.5333,0.4667,0.9684,0.0316,0.0,0.0,0.0,1.0,0.0,0.0547,0.9453,0.0
1.0,0.0,0.0,0.0,1.0,0.0,0.0,0.0,1.0,0.0,0.0,0.0,1.0,0.0,0.0,0.0,0.0,0.0,1.0,0.0,0.5333,0.4667,0.7211,0.2789,0.0,0.0,0.8659,0.1341,0.0,0.984,0.016,0.0
1.0,0.0,0.0,0.0,1.0,0.0,0.0,0.0,1.0,0.0,0.0,0.0,1.0,0.0,0.0,0.0,0.2455,0.7545,0.0,0.0,0.5333,0.4667,1.0,0.0,0.0,0.0,0.0,1.0,1.0,0.0,0.0,0.0
0.0,0.0,0.0,1.0,1.0,0.0,0.0,0.0,1.0,0.0,0.0,0.0,1.0,0.0,0.0,0.0,1.0,0.0,0.0,0.0,0.9533,0.0467,0.0,0.0,1.0,0.9131,0.0869,0.0,1.0,0.0,0.0,0.0
0.0,0.0,0.0,1.0,1.0,0.0,0.0,0.0,1.0,0.0,0.0,0.0,1.0,0.0,0.0,0.0,0.4568,0.5432,0.0,0.0,0.9533,0.0467,0.6947,0.3053,0.0,1.0,0.0,0.0,0.1664,0.8336,0.0,0.0
0.0,0.0,0.3265,0.6735,1.0,0.0,0.0,0.0,1.0,0.0,0.0,0.0,1.0,0.0,0.0,0.0,0.476,0.524,0.0,0.0,0.9533,0.0467,0.0,0.0,1.0,0.9131,0.0869,0.0,0.9448,0.0552,0.0,0.0
0.0,0.0,0.0,1.0,1.0,0.0,0.0,0.0,1.0,0.0,0.0,0.0,0.0,1.0,0.0,0.0,1.0,0.0,0.0,0.0,0.9533,0.0467,0.0,0.2839,0.7161,1.0,0.0,0.0,0.0,0.9707,0.0293,0.0
0.0,0.0,0.0,1.0,1.0,0.0,0.0,0.0,1.0,0.0,0.0,0.0,0.0,1.0,0.0,0.0,1.0,0.0,0.0,0.0,0.9533,0.0467,0.0,0.5129,0.4871,1.0,0.0,0.0,0.0,0.658,0.342,0.0
0.0,0.0,0.0,1.0,1.0,0.0,0.0,0.0,1.0,0.0,0.0,0.0,1.0,0.0,0.0,0.0,0.2387,0.7613,0.0,0.0,0.9533,0.0467,0.0,0.0548,0.9452,1.0,0.0,0.0,0.8208,0.1792,0.0,0.0
0.0,0.0,0.0,1.0,1.0,0.0,0.0,0.0,1.0,0.0,0.0,0.0,1.0,0.0,0.0,0.0,0.0014,0.9986,0.0,0.0,0.9533,0.0467,0.0,0.2839,0.7161,1.0,0.0,0.0,0.6184,0.3816,0.0,0.0
0.0,0.0,0.0,1.0,1.0,0.0,0.0,0.0,1.0,0.0,0.0,0.0,0.0,1.0,0.0,0.0,0.4568,0.5432,0.0,0.0,0.9533,0.0467,0.6947,0.3053,0.0,1.0,0.0,0.0,0.0,0.204,0.796,0.0
0.0,0.0,0.6647,0.3353,1.0,0.0,0.0,0.0,1.0,0.0,0.0,0.0,0.0,1.0,0.0,0.0,0.7147,0.2853,0.0,0.0,0.9533,0.0467,0.0,0.0,1.0,0.7111,0.2889,0.0,0.14,0.86,0.0,0.0
1.0,0.0,0.0,0.0,1.0,0.0,0.0,0.0,1.0,0.0,0.0,0.0,0.0,1.0,0.0,0.0,0.0,0.0,1.0,0.0,0.9533,0.0467,0.0,0.0,1.0,0.9131,0.0869,0.0,0.0,0.628,0.372,0.0
1.0,0.0,0.0,0.0,1.0,0.0,0.0,0.0,1.0,0.0,0.0,0.0,1.0,0.0,0.0,0.0,0.0,0.0,1.0,0.0,0.9533,0.0467,0.0,0.0,1.0,0.8121,0.1879,0.0,0.2744,0.7256,0.0,0.0
0.0,0.0,0.0,1.0,1.0,0.0,0.0,0.0,1.0,0.0,0.0,0.0,1.0,0.0,0.0,0.0,0.8532,0.1468,0.0,0.0,0.9533,0.0467,0.0,0.8548,0.1452,1.0,0.0,0.0,0.4544,0.5456,0.0,0.0
0.0,0.0,0.0,1.0,1.0,0.0,0.0,0.0,1.0,0.0,0.0,0.0,0.0,1.0,0.0,0.0,1.0,0.0,0.0,0.0,0.9533,0.0467,0.0,0.0,1.0,0.9131,0.0869,0.0,0.5144,0.4856,0.0,0.0
1.0,0.0,0.0,0.0,1.0,0.0,0.0,0.0,1.0,0.0,0.0,0.0,1.0,0.0,0.0,0.0,0.0,0.703,0.297,0.0,0.9533,0.0467,0.0,0.0,1.0,0.2061,0.7939,0.0,1.0,0.0,0.0,0.0
0.0,0.0,0.0,1.0,1.0,0.0,0.0,0.0,1.0,0.0,0.0,0.0,0.0,1.0,0.0,0.0,0.2387,0.7613,0.0,0.0,0.9533,0.0467,0.0,0.0548,0.9452,1.0,0.0,0.0,0.0,0.6967,0.3033,0.0
0.0,0.0,1.0,0.0,1.0,0.0,0.0,0.0,1.0,0.0,0.0,0.0,1.0,0.0,0.0,0.0,0.952,0.048,0.0,0.0,0.9533,0.0467,0.0,0.0,1.0,0.4081,0.5919,0.0,1.0,0.0,0.0,0.0
1.0,0.0,0.0,0.0,1.0,0.0,0.0,0.0,1.0,0.0,0.0,0.0,1.0,0.0,0.0,0.0,0.0,0.0,1.0,0.0,0.9533,0.0467,0.0,0.0,1.0,0.9131,0.0869,0.0,0.164,0.836,0.0,0.0
1.0,0.0,0.0,0.0,1.0,0.0,0.0,0.0,1.0,0.0,0.0,0.0,0.0,1.0,0.0,0.0,0.0,0.0,1.0,0.0,0.9533,0.0467,0.0,0.0,1.0,0.0,0.8945,0.1055,0.4008,0.5992,0.0,0.0
1.0,0.0,0.0,0.0,1.0,0.0,0.0,0.0,1.0,0.0,0.0,0.0,0.0,1.0,0.0,0.0,0.0,0.703,0.297,0.0,0.9533,0.0467,0.0,0.0,1.0,0.2061,0.7939,0.0,0.1824,0.8176,0.0,0.0
0.0,0.0,0.0,1.0,1.0,0.0,0.0,0.0,1.0,0.0,0.0,0.0,0.0,1.0,0.0,0.0,0.6159,0.3841,0.0,0.0,0.9533,0.0467,0.3211,0.6789,0.0,1.0,0.0,0.0,0.0,0.1867,0.8133,0.0
0.0,0.0,0.6647,0.3353,1.0,0.0,0.0,0.0,1.0,0.0,0.0,0.0,1.0,0.0,0.0,0.0,0.7147,0.2853,0.0,0.0,0.9533,0.0467,0.0,0.0,1.0,0.7111,0.2889,0.0,1.0,0.0,0.0,0.0
0.0,0.0,0.0,1.0,1.0,0.0,0.0,0.0,1.0,0.0,0.0,0.0,0.0,1.0,0.0,0.0,0.0,0.4397,0.5603,0.0,0.9533,0.0467,0.0,0.8548,0.1452,1.0,0.0,0.0,0.0,0.2533,0.7467,0.0
0.0,0.0,0.0,1.0,1.0,0.0,0.0,0.0,1.0,0.0,0.0,0.0,1.0,0.0,0.0,0.0,1.0,0.0,0.0,0.0,0.9533,0.0467,0.0,0.0,1.0,0.4081,0.5919,0.0,1.0,0.0,0.0,0.0
1.0,0.0,0.0,0.0,1.0,0.0,0.0,0.0,1.0,0.0,0.0,0.0,0.0,1.0,0.0,0.0,0.4774,0.5226,0.0,0.0,0.9533,0.0467,0.0,0.0,1.0,0.0,0.7846,0.2154,0.7936,0.2064,0.0,0.0
1.0,0.0,0.0,0.0,1.0,0.0,0.0,0.0,1.0,0.0,0.0,0.0,1.0,0.0,0.0,0.0,0.0,0.1401,0.8599,0.0,0.9533,0.0467,0.0,0.0,1.0,0.5091,0.4909,0.0,0.5056,0.4944,0.0,0.0
0.0,0.0,0.0,1.0,1.0,0.0,0.0,0.0,1.0,0.0,0.0,0.0,0.0,1.0,0.0,0.0,1.0,0.0,0.0,0.0,0.9533,0.0467,0.0,0.0,1.0,0.4081,0.5919,0.0,0.744,0.256,0.0,0.0
0.0,0.0,0.0,1.0,1.0,0.0,0.0,0.0,1.0,0.0,0.0,0.0,1.0,0.0,0.0,0.0,1.0,0.0,0.0,0.0,0.9533,0.0467,0.0,0.5129,0.4871,1.0,0.0,0.0,0.824,0.176,0.0,0.0
0.0,0.0,1.0,0.0,1.0,0.0,0.0,0.0,1.0,0.0,0.0,0.0,0.0,1.0,0.0,0.0,0.952,0.048,0.0,0.0,0.9533,0.0467,0.0,0.0,1.0,0.4081,0.5919,0.0,0.3896,0.6104,0.0,0.0
0.0,0.0,0.0,1.0,1.0,0.0,0.0,0.0,1.0,0.0,0.0,0.0,1.0,0.0,0.0,0.0,0.0,0.7756,0.2244,0.0,0.9533,0.0467,0.0,0.5129,0.4871,1.0,0.0,0.0,0.4512,0.5488,0.0,0.0
0.0,0.0,0.0,1.0,1.0,0.0,0.0,0.0,1.0,0.0,0.0,0.0,1.0,0.0,0.0,0.0,1.0,0.0,0.0,0.0,0.9533,0.0467,0.0,0.2839,0.7161,1.0,0.0,0.0,1.0,0.0,0.0,0.0
0.0,0.0,0.4227,0.5773,1.0,0.0,0.0,0.0,1.0,0.0,0.0,0.0,0.0,1.0,0.0,0.0,1.0,0.0,0.0,0.0,0.9533,0.0467,0.0,0.0548,0.9452,1.0,0.0,0.0,0.1416,0.8584,0.0,0.0
0.0,0.0,0.0,1.0,1.0,0.0,0.0,0.0,1.0,0.0,0.0,0.0,0.0,1.0,0.0,0.0,0.8532,0.1468,0.0,0.0,0.9533,0.0467,0.0,0.8548,0.1452,1.0,0.0,0.0,0.0,0.3127,0.6873,0.0
0.0,0.0,0.0,1.0,1.0,0.0,0.0,0.0,1.0,0.0,0.0,0.0,1.0,0.0,0.0,0.0,0.6159,0.3841,0.0,0.0,0.9533,0.0467,0.3211,0.6789,0.0,1.0,0.0,0.0,0.4464,0.5536,0.0,0.0
0.0,0.0,0.0,1.0,1.0,0.0,0.0,0.0,1.0,0.0,0.0,0.0,0.0,1.0,0.0,0.0,0.0,0.7756,0.2244,0.0,0.9533,0.0467,0.0,0.5129,0.4871,1.0,0.0,0.0,0.0,0.6307,0.3693,0.0
1.0,0.0,0.0,0.0,1.0,0.0,0.0,0.0,1.0,0.0,0.0,0.0,1.0,0.0,0.0,0.0,0.0,0.0,1.0,0.0,0.9533,0.0467,0.0,0.0,1.0,0.0,0.8945,0.1055,1.0,0.0,0.0,0.0
0.0,0.0,0.3265,0.6735,1.0,0.0,0.0,0.0,1.0,0.0,0.0,0.0,0.0,1.0,0.0,0.0,0.476,0.524,0.0,0.0,0.9533,0.0467,0.0,0.0,1.0,0.9131,0.0869,0.0,0.0472,0.9528,0.0,0.0
0.0,0.3946,0.6054,0.0,1.0,0.0,0.0,0.0,1.0,0.0,0.0,0.0,1.0,0.0,0.0,0.0,1.0,0.0,0.0,0.0,0.9533,0.0467,0.0,0.0,1.0,0.3071,0.6929,0.0,1.0,0.0,0.0,0.0
1.0,0.0,0.0,0.0,1.0,0.0,0.0,0.0,1.0,0.0,0.0,0.0,0.0,1.0,0.0,0.0,0.0,0.1401,0.8599,0.0,0.9533,0.0467,0.0,0.0,1.0,0.5091,0.4909,0.0,0.0,0.7067,0.2933,0.0
1.0,0.0,0.0,0.0,1.0,0.0,0.0,0.0,1.0,0.0,0.0,0.0,1.0,0.0,0.0,0.0,0.4774,0.5226,0.0,0.0,0.9533,0.0467,0.0,0.0,1.0,0.0,0.7846,0.2154,1.0,0.0,0.0,0.0
1.0,0.0,0.0,0.0,1.0,0.0,0.0,0.0,1.0,0.0,0.0,0.0,0.0,1.0,0.0,0.0,0.2798,0.7202,0.0,0.0,0.9533,0.0467,0.0,0.0,1.0,0.0,0.8945,0.1055,0.6184,0.3816,0.0,0.0
1.0,0.0,0.0,0.0,1.0,0.0,0.0,0.0,1.0,0.0,0.0,0.0,0.0,1.0,0.0,0.0,0.0,0.0,1.0,0.0,0.9533,0.0467,0.0,0.0,1.0,0.8121,0.1879,0.0,0.0,0.3373,0.6627,0.0
1.0,0.0,0.0,0.0,1.0,0.0,0.0,0.0,1.0,0.0,0.0,0.0,1.0,0.0,0.0,0.0,0.2798,0.7202,0.0,0.0,0.9533,0.0467,0.0,0.0,1.0,0.0,0.8945,0.1055,1.0,0.0,0.0,0.0
0.0,0.0,0.0,1.0,1.0,0.0,0.0,0.0,1.0,0.0,0.0,0.0,1.0,0.0,0.0,0.0,0.0,0.4397,0.5603,0.0,0.9533,0.0467,0.0,0.8548,0.1452,1.0,0.0,0.0,0.2448,0.7552,0.0,0.0
0.0,0.3946,0.6054,0.0,1.0,0.0,0.0,0.0,1.0,0.0,0.0,0.0,0.0,1.0,0.0,0.0,1.0,0.0,0.0,0.0,0.9533,0.0467,0.0,0.0,1.0,0.3071,0.6929,0.0,0.792,0.208,0.0,0.0
0.0,0.0,0.4227,0.5773,1.0,0.0,0.0,0.0,1.0,0.0,0.0,0.0,1.0,0.0,0.0,0.0,1.0,0.0,0.0,0.0,0.9533,0.0467,0.0,0.0548,0.9452,1.0,0.0,0.0,1.0,0.0,0.0,0.0
0.0,0.0,0.0,1.0,1.0,0.0,0.0,0.0,1.0,0.0,0.0,0.0,0.0,1.0,0.0,0.0,0.0014,0.9986,0.0,0.0,0.9533,0.0467,0.0,0.2839,0.7161,1.0,0.0,0.0,0.0,0.7413,0.2587,0.0
1.0,0.0,0.0,0.0,1.0,0.0,0.0,0.0,1.0,0.0,0.0,0.0,1.0,0.0,0.0,0.0,0.0,0.1427,0.8573,0.0,0.2,0.8,0.0,1.0,0.0,0.0,0.967,0.033,1.0,0.0,0.0,0.0
1.0,0.0,0.0,0.0,1.0,0.0,0.0,0.0,1.0,0.0,0.0,0.0,1.0,0.0,0.0,0.0,0.0,0.1427,0.8573,0.0,0.2,0.8,0.0,1.0,0.0,0.0,0.967,0.033,0.5224,0.4776,0.0,0.0
1.0,0.0,0.0,0.0,1.0,0.0,0.0,0.0,1.0,0.0,0.0,0.0,0.6667,0.3333,0.0,0.0,0.0,0.1427,0.8573,0.0,0.2,0.8,0.0,1.0,0.0,0.0,0.967,0.033,0.0368,0.9632,0.0,0.0
1.0,0.0,0.0,0.0,1.0,0.0,0.0,0.0,1.0,0.0,0.0,0.0,0.0,1.0,0.0,0.0,0.0,0.1427,0.8573,0.0,0.2,0.8,0.0,1.0,0.0,0.0,0.967,0.033,0.0,0.6973,0.3027,0.0
1.0,0.0,0.0,0.0,1.0,0.0,0.0,0.0,1.0,0.0,0.0,0.0,0.0,0.0,0.0,1.0,0.0,0.1427,0.8573,0.0,0.2,0.8,0.0,1.0,0.0,0.0,0.967,0.033,0.0,0.4887,0.5113,0.0
1.0,0.0,0.0,0.0,1.0,0.0,0.0,0.0,1.0,0.0,0.0,0.0,0.0,0.0,0.0,1.0,0.0,0.1427,0.8573,0.0,0.2,0.8,0.0,1.0,0.0,0.0,0.967,0.033,0.0,0.4033,0.5967,0.0
1.0,0.0,0.0,0.0,1.0,0.0,0.0,0.0,1.0,0.0,0.0,0.0,0.0,0.0,0.0,1.0,0.0,0.1427,0.8573,0.0,0.2,0.8,0.0,1.0,0.0,0.0,0.967,0.033,0.0,0.2407,0.7593,0.0
1.0,0.0,0.0,0.0,1.0,0.0,0.0,0.0,1.0,0.0,0.0,0.0,1.0,0.0,0.0,0.0,0.5062,0.4938,0.0,0.0,0.4,0.6,0.0,1.0,0.0,0.0,0.0,1.0,1.0,0.0,0.0,0.0
1.0,0.0,0.0,0.0,1.0,0.0,0.0,0.0,1.0,0.0,0.0,0.0,0.6667,0.3333,0.0,0.0,0.5062,0.4938,0.0,0.0,0.4,0.6,0.0,1.0,0.0,0.0,0.0,1.0,1.0,0.0,0.0,0.0
1.0,0.0,0.0,0.0,1.0,0.0,0.0,0.0,1.0,0.0,0.0,0.0,0.0,1.0,0.0,0.0,0.5062,0.4938,0.0,0.0,0.4,0.6,0.0,1.0,0.0,0.0,0.0,1.0,0.7264,0.2736,0.0,0.0
1.0,0.0,0.0,0.0,1.0,0.0,0.0,0.0,1.0,0.0,0.0,0.0,0.0,0.0,0.0,1.0,0.5062,0.4938,0.0,0.0,0.4,0.6,0.0,1.0,0.0,0.0,0.0,1.0,0.444,0.556,0.0,0.0
1.0,0.0,0.0,0.0,1.0,0.0,0.0,0.0,1.0,0.0,0.0,0.0,0.0,0.0,0.0,1.0,0.5062,0.4938,0.0,0.0,0.4667,0.5333,0.0,1.0,0.0,0.0,0.0,1.0,0.272,0.728,0.0,0.0
1.0,0.0,0.0,0.0,1.0,0.0,0.0,0.0,1.0,0.0,0.0,0.0,0.0,0.0,0.0,1.0,0.5062,0.4938,0.0,0.0,0.4667,0.5333,0.0,1.0,0.0,0.0,0.0,1.0,0.1936,0.8064,0.0,0.0
1.0,0.0,0.0,0.0,1.0,0.0,0.0,0.0,1.0,0.0,0.0,0.0,0.6667,0.3333,0.0,0.0,0.0,0.9468,0.0532,0.0,0.6,0.4,0.0,1.0,0.0,0.0,0.0,1.0,0.4992,0.5008,0.0,0.0
1.0,0.0,0.0,0.0,1.0,0.0,0.0,0.0,1.0,0.0,0.0,0.0,0.0,1.0,0.0,0.0,0.0,0.9468,0.0532,0.0,0.6,0.4,0.0,1.0,0.0,0.0,0.0,1.0,0.1224,0.8776,0.0,0.0
1.0,0.0,0.0,0.0,1.0,0.0,0.0,0.0,1.0,0.0,0.0,0.0,1.0,0.0,0.0,0.0,0.0,0.9468,0.0532,0.0,0.6,0.4,0.0,1.0,0.0,0.0,0.0,1.0,1.0,0.0,0.0,0.0
1.0,0.0,0.0,0.0,1.0,0.0,0.0,0.0,1.0,0.0,0.0,0.0,0.0,0.0,0.0,1.0,0.0,0.9468,0.0532,0.0,0.6,0.4,0.0,1.0,0.0,0.0,0.0,1.0,0.0,0.75,0.25,0.0
1.0,0.0,0.0,0.0,1.0,0.0,0.0,0.0,1.0,0.0,0.0,0.0,0.0,0.0,0.0,1.0,0.0,0.9468,0.0532,0.0,0.6,0.4,0.0,1.0,0.0,0.0,0.0,1.0,0.0,0.678,0.322,0.0
1.0,0.0,0.0,0.0,1.0,0.0,0.0,0.0,1.0,0.0,0.0,0.0,0.0,0.0,0.0,1.0,0.0,0.9468,0.0532,0.0,0.6,0.4,0.0,1.0,0.0,0.0,0.0,1.0,0.0,0.5867,0.4133,0.0
1.0,0.0,0.0,0.0,1.0,0.0,0.0,0.0,1.0,0.0,0.0,0.0,1.0,0.0,0.0,0.0,0.2593,0.7407,0.0,0.0,0.1333,0.8667,0.0,1.0,0.0,0.0,0.0,1.0,1.0,0.0,0.0,0.0
1.0,0.0,0.0,0.0,1.0,0.0,0.0,0.0,1.0,0.0,0.0,0.0,0.0,0.0,0.0,1.0,0.2593,0.7407,0.0,0.0,0.1333,0.8667,0.0,1.0,0.0,0.0,0.0,1.0,0.0448,0.9552,0.0,0.0
1.0,0.0,0.0,0.0,1.0,0.0,0.0,0.0,1.0,0.0,0.0,0.0,0.0,0.0,0.0,1.0,0.2593,0.7407,0.0,0.0,0.1333,0.8667,0.0,1.0,0.0,0.0,0.0,1.0,0.0,0.9913,0.0087,0.0
1.0,0.0,0.0,0.0,1.0,0.0,0.0,0.0,1.0,0.0,0.0,0.0,0.0,0.0,0.0,1.0,0.2593,0.7407,0.0,0.0,0.1333,0.8667,0.0,1.0,0.0,0.0,0.0,1.0,0.0,0.8473,0.1527,0.0
1.0,0.0,0.0,0.0,1.0,0.0,0.0,0.0,1.0,0.0,0.0,0.0,0.0,0.0,0.0,1.0,0.0,0.5577,0.4423,0.0,0.4667,0.5333,0.0,1.0,0.0,0.0,0.2857,0.7143,0.0,0.534,0.466,0.0
1.0,0.0,0.0,0.0,1.0,0.0,0.0,0.0,1.0,0.0,0.0,0.0,0.0,0.0,0.0,1.0,0.0,0.5577,0.4423,0.0,0.4667,0.5333,0.0,1.0,0.0,0.0,0.2857,0.7143,0.0,0.4233,0.5767,0.0
1.0,0.0,0.0,0.0,1.0,0.0,0.0,0.0,1.0,0.0,0.0,0.0,1.0,0.0,0.0,0.0,0.0,0.5577,0.4423,0.0,0.4667,0.5333,0.0,1.0,0.0,0.0,0.2857,0.7143,1.0,0.0,0.0,0.0
1.0,0.0,0.0,0.0,1.0,0.0,0.0,0.0,1.0,0.0,0.0,0.0,0.0,1.0,0.0,0.0,0.0,0.5577,0.4423,0.0,0.4667,0.5333,0.0,1.0,0.0,0.0,0.2857,0.7143,0.0,0.998,0.002,0.0
1.0,0.0,0.0,0.0,1.0,0.0,0.0,0.0,1.0,0.0,0.0,0.0,0.0,0.0,0.0,1.0,0.0,0.5577,0.4423,0.0,0.4667,0.5333,0.0,1.0,0.0,0.0,0.2857,0.7143,0.0,0.6387,0.3613,0.0
1.0,0.0,0.0,0.0,1.0,0.0,0.0,0.0,1.0,0.0,0.0,0.0,1.0,0.0,0.0,0.0,0.5062,0.4938,0.0,0.0,0.4667,0.5333,0.0,1.0,0.0,0.0,0.0,1.0,1.0,0.0,0.0,0.0
1.0,0.0,0.0,0.0,1.0,0.0,0.0,0.0,1.0,0.0,0.0,0.0,1.0,0.0,0.0,0.0,1.0,0.0,0.0,0.25,0.75,0.0,0.0,0.0,1.0,0.0,0.0,1.0,1.0,0.0,0.0,0.0
1.0,0.0,0.0,0.0,1.0,0.0,0.0,0.0,1.0,0.0,0.0,0.0,0.0,1.0,0.0,0.0,1.0,0.0,0.0,0.25,0.75,0.0,0.0,0.0,1.0,0.0,0.0,1.0,1.0,0.0,0.0,0.0
1.0,0.0,0.0,0.0,1.0,0.0,0.0,0.0,1.0,0.0,0.0,0.0,1.0,0.0,0.0,0.0,0.6571,0.3429,0.0,0.2,0.8,0.0,0.0,0.0,1.0,0.0,0.0,1.0,1.0,0.0,0.0,0.0
1.0,0.0,0.0,0.0,1.0,0.0,0.0,0.0,1.0,0.0,0.0,0.0,0.0,1.0,0.0,0.0,0.6571,0.3429,0.0,0.2,0.8,0.0,0.0,0.0,1.0,0.0,0.0,1.0,0.8128,0.1872,0.0,0.0
1.0,0.0,0.0,0.0,1.0,0.0,0.0,0.0,1.0,0.0,0.0,0.0,1.0,0.0,0.0,0.0,0.0,0.3243,0.6757,0.05,0.95,0.0,0.0,0.0,1.0,0.0,0.9231,0.0769,0.7968,0.2032,0.0,0.0
1.0,0.0,0.0,0.0,1.0,0.0,0.0,0.0,1.0,0.0,0.0,0.0,0.0,1.0,0.0,0.0,0.0,0.3243,0.6757,0.05,0.95,0.0,0.0,0.0,1.0,0.0,0.9231,0.0769,0.0,0.7953,0.2047,0.0
1.0,0.0,0.0,0.0,1.0,0.0,0.0,0.0,1.0,0.0,0.0,0.0,1.0,0.0,0.0,0.0,0.0,0.9728,0.0272,0.1,0.9,0.0,0.0,0.0,1.0,0.0,0.3736,0.6264,1.0,0.0,0.0,0.0
1.0,0.0,0.0,0.0,1.0,0.0,0.0,0.0,1.0,0.0,0.0,0.0,0.0,1.0,0.0,0.0,0.0,0.9728,0.0272,0.1,0.9,0.0,0.0,0.0,1.0,0.0,0.3736,0.6264,0.24,0.76,0.0,0.0
1.0,0.0,0.0,0.0,1.0,0.0,0.0,0.0,1.0,0.0,0.0,0.0,1.0,0.0,0.0,0.0,0.0,0.6485,0.3515,0.05,0.95,0.0,0.0,0.0,1.0,0.0,0.6593,0.3407,0.9536,0.0464,0.0,0.0
1.0,0.0,0.0,0.0,1.0,0.0,0.0,0.0,1.0,0.0,0.0,0.0,0.0,1.0,0.0,0.0,0.0,0.6485,0.3515,0.05,0.95,0.0,0.0,0.0,1.0,0.0,0.6593,0.3407,0.052,0.948,0.0,0.0
1.0,0.0,0.0,0.0,1.0,0.0,0.0,0.0,1.0,0.0,0.0,0.0,1.0,0.0,0.0,0.0,0.0,0.0,1.0,0.0,0.9333,0.0667,0.0,0.0,1.0,0.4343,0.5657,0.0,0.1152,0.8848,0.0,0.0
1.0,0.0,0.0,0.0,1.0,0.0,0.0,0.0,1.0,0.0,0.0,0.0,0.0,1.0,0.0,0.0,0.0,0.0,1.0,0.0,0.9333,0.0667,0.0,0.0,1.0,0.4343,0.5657,0.0,0.0,0.286,0.714,0.0
1.0,0.0,0.0,0.0,1.0,0.0,0.0,0.0,1.0,0.0,0.0,0.0,0.0,1.0,0.0,0.0,0.0,0.0,1.0,0.0,0.8667,0.1333,0.0,0.0806,0.9194,0.697,0.303,0.0,0.0,0.0,0.904,0.096
1.0,0.0,0.0,0.0,1.0,0.0,0.0,0.0,1.0,0.0,0.0,0.0,1.0,0.0,0.0,0.0,0.0,0.0,1.0,0.0,0.8667,0.1333,0.0,0.0806,0.9194,0.697,0.303,0.0,0.0,0.824,0.176,0.0
1.0,0.0,0.0,0.0,1.0,0.0,0.0,0.0,1.0,0.0,0.0,0.0,1.0,0.0,0.0,0.0,0.3141,0.6859,0.0,0.15,0.85,0.0,0.0,0.0,1.0,0.0,0.1099,0.8901,1.0,0.0,0.0,0.0
1.0,0.0,0.0,0.0,1.0,0.0,0.0,0.0,1.0,0.0,0.0,0.0,0.0,1.0,0.0,0.0,0.3141,0.6859,0.0,0.15,0.85,0.0,0.0,0.0,1.0,0.0,0.1099,0.8901,0.5304,0.4696,0.0,0.0
1.0,0.0,0.0,0.0,1.0,0.0,0.0,0.0,1.0,0.0,0.0,0.0,1.0,0.0,0.0,0.0,0.0,0.0,1.0,0.0,0.9333,0.0667,0.0,0.0,1.0,0.1919,0.8081,0.0,0.5776,0.4224,0.0,0.0
1.0,0.0,0.0,0.0,1.0,0.0,0.0,0.0,1.0,0.0,0.0,0.0,0.0,1.0,0.0,0.0,0.0,0.0,1.0,0.0,0.9333,0.0667,0.0,0.0,1.0,0.1919,0.8081,0.0,0.0,0.5473,0.4527,0.0
0.0,0.0,0.0,1.0,1.0,0.0,0.0,0.0,1.0,0.0,0.0,0.0,1.0,0.0,0.0,0.0,0.952,0.048,0.0,0.0,0.0,1.0,0.1211,0.8789,0.0,1.0,0.0,0.0,0.6368,0.3632,0.0,0.0
0.0,0.0,0.0933,0.9067,1.0,0.0,0.0,0.0,1.0,0.0,0.0,0.0,0.0,0.0,0.0,1.0,0.3114,0.6886,0.0,0.0,0.0,1.0,0.0,0.8452,0.1548,1.0,0.0,0.0,0.0,0.0,0.5832,0.4168
0.0,0.0,0.0,1.0,1.0,0.0,0.0,0.0,1.0,0.0,0.0,0.0,0.0,0.0,0.0,1.0,1.0,0.0,0.0,0.0,0.5333,0.4667,0.8579,0.1421,0.0,0.0,0.9626,0.0374,0.0,0.0,0.9296,0.0704
0.0,0.0,0.0,1.0,1.0,0.0,0.0,0.0,1.0,0.0,0.0,0.0,0.0,1.0,0.0,0.0,1.0,0.0,0.0,0.0,0.0,1.0,0.0,0.9387,0.0613,0.6263,0.3737,0.0,0.0,0.8407,0.1593,0.0
0.0,0.0,0.0,1.0,1.0,0.0,0.0,0.0,1.0,0.0,0.0,0.0,1.0,0.0,0.0,0.0,1.0,0.0,0.0,0.0,0.0,1.0,0.0,0.8774,0.1226,1.0,0.0,0.0,1.0,0.0,0.0,0.0
0.0,0.0,0.0,1.0,1.0,0.0,0.0,0.0,1.0,0.0,0.0,0.0,0.0,0.0,0.0,1.0,1.0,0.0,0.0,0.0,0.0,1.0,0.2579,0.7421,0.0,0.0,0.5473,0.4527,0.0,0.6207,0.3793,0.0
0.0,0.4456,0.5544,0.0,1.0,0.0,0.0,0.0,1.0,0.0,0.0,0.0,1.0,0.0,0.0,0.0,1.0,0.0,0.0,0.0,0.0,1.0,0.2316,0.7684,0.0,0.0,0.5495,0.4505,1.0,0.0,0.0,0.0
0.0,0.0,0.4956,0.5044,1.0,0.0,0.0,0.0,1.0,0.0,0.0,0.0,1.0,0.0,0.0,0.0,1.0,0.0,0.0,0.0,0.5333,0.4667,1.0,0.0,0.0,0.0,0.0,1.0,1.0,0.0,0.0,0.0
0.0,0.0,0.4956,0.5044,1.0,0.0,0.0,0.0,1.0,0.0,0.0,0.0,0.0,0.0,0.0,1.0,1.0,0.0,0.0,0.0,0.5333,0.4667,1.0,0.0,0.0,0.0,0.0,1.0,0.1632,0.8368,0.0,0.0
0.0,0.0,0.0,1.0,1.0,0.0,0.0,0.0,1.0,0.0,0.0,0.0,0.0,1.0,0.0,0.0,1.0,0.0,0.0,0.0,0.0,1.0,0.2579,0.7421,0.0,0.0,0.5473,0.4527,0.2568,0.7432,0.0,0.0
0.0,0.0,0.0,1.0,1.0,0.0,0.0,0.0,1.0,0.0,0.0,0.0,0.0,1.0,0.0,0.0,1.0,0.0,0.0,0.0,0.0,1.0,0.0,0.8774,0.1226,1.0,0.0,0.0,0.0,0.57,0.43,0.0
0.0,0.0918,0.9082,0.0,1.0,0.0,0.0,0.0,1.0,0.0,0.0,0.0,1.0,0.0,0.0,0.0,1.0,0.0,0.0,0.0,0.5333,0.4667,0.0684,0.9316,0.0,0.0,0.4132,0.5868,1.0,0.0,0.0,0.0
0.0,0.0,0.2216,0.7784,1.0,0.0,0.0,0.0,1.0,0.0,0.0,0.0,0.0,1.0,0.0,0.0,1.0,0.0,0.0,0.0,0.0,1.0,0.7842,0.2158,0.0,0.0,0.0,1.0,0.5528,0.4472,0.0,0.0
0.0,0.0,0.0,1.0,1.0,0.0,0.0,0.0,1.0,0.0,0.0,0.0,1.0,0.0,0.0,0.0,0.0,0.5798,0.4202,0.0,0.0,1.0,0.0684,0.9316,0.0,1.0,0.0,0.0,0.1288,0.8712,0.0,0.0
0.0,0.0,0.2216,0.7784,1.0,0.0,0.0,0.0,1.0,0.0,0.0,0.0,0.0,0.0,0.0,1.0,1.0,0.0,0.0,0.0,0.0,1.0,0.7842,0.2158,0.0,0.0,0.0,1.0,0.0,0.8847,0.1153,0.0
0.0,0.0,0.0,1.0,1.0,0.0,0.0,0.0,1.0,0.0,0.0,0.0,0.0,0.0,0.0,1.0,1.0,0.0,0.0,0.0,0.5333,0.4667,1.0,0.0,0.0,0.0,0.0,1.0,0.0,0.7653,0.2347,0.0
0.0,0.0,0.0,1.0,1.0,0.0,0.0,0.0,1.0,0.0,0.0,0.0,1.0,0.0,0.0,0.0,1.0,0.0,0.0,0.0,0.0,1.0,0.0,0.9387,0.0613,0.6263,0.3737,0.0,1.0,0.0,0.0,0.0
0.0,0.0,0.0,1.0,1.0,0.0,0.0,0.0,1.0,0.0,0.0,0.0,0.0,1.0,0.0,0.0,1.0,0.0,0.0,0.0,0.5333,0.4667,0.8579,0.1421,0.0,0.0,0.9626,0.0374,0.0,0.5893,0.4107,0.0
0.0,0.0,0.0,1.0,1.0,0.0,0.0,0.0,1.0,0.0,0.0,0.0,0.0,1.0,0.0,0.0,1.0,0.0,0.0,0.0,0.5333,0.4667,1.0,0.0,0.0,0.0,0.0,1.0,0.0,0.9753,0.0247,0.0
0.0,0.0,0.0933,0.9067,1.0,0.0,0.0,0.0,1.0,0.0,0.0,0.0,1.0,0.0,0.0,0.0,0.3114,0.6886,0.0,0.0,0.0,1.0,0.0,0.8452,0.1548,1.0,0.0,0.0,0.652,0.348,0.0,0.0
0.0,0.6701,0.3299,0.0,1.0,0.0,0.0,0.0,1.0,0.0,0.0,0.0,1.0,0.0,0.0,0.0,1.0,0.0,0.0,0.0,0.5333,0.4667,0.5579,0.4421,0.0,0.0,0.0,1.0,1.0,0.0,0.0,0.0
0.0,0.0,0.0,1.0,1.0,0.0,0.0,0.0,1.0,0.0,0.0,0.0,1.0,0.0,0.0,0.0,1.0,0.0,0.0,0.0,0.5333,0.4667,1.0,0.0,0.0,1.0,0.0,0.0,1.0,0.0,0.0,0.0
0.0,0.0,0.0,1.0,1.0,0.0,0.0,0.0,1.0,0.0,0.0,0.0,0.0,1.0,0.0,0.0,1.0,0.0,0.0,0.0,0.5333,0.4667,1.0,0.0,0.0,1.0,0.0,0.0,0.0,0.212,0.788,0.0
0.0,1.0,0.0,0.0,1.0,0.0,0.0,0.0,1.0,0.0,0.0,0.0,1.0,0.0,0.0,0.0,1.0,0.0,0.0,0.0,0.5333,0.4667,1.0,0.0,0.0,0.0,0.0,1.0,1.0,0.0,0.0,0.0
0.0,0.0,0.0,1.0,1.0,0.0,0.0,0.0,1.0,0.0,0.0,0.0,1.0,0.0,0.0,0.0,0.0,0.8042,0.1958,0.0,0.5333,0.4667,0.9474,0.0526,0.0,1.0,0.0,0.0,0.9112,0.0888,0.0,0.0
0.0,0.0,0.0,1.0,1.0,0.0,0.0,0.0,1.0,0.0,0.0,0.0,0.0,1.0,0.0,0.0,0.0,0.5798,0.4202,0.0,0.0,1.0,0.0684,0.9316,0.0,1.0,0.0,0.0,0.0,0.0,0.9296,0.0704
0.0,0.0,0.379,0.621,1.0,0.0,0.0,0.0,1.0,0.0,0.0,0.0,1.0,0.0,0.0,0.0,0.5062,0.4938,0.0,0.0,0.5333,0.4667,0.0,0.9258,0.0742,0.6141,0.3859,0.0,0.5664,0.4336,0.0,0.0
0.0,0.6701,0.3299,0.0,1.0,0.0,0.0,0.0,1.0,0.0,0.0,0.0,1.0,0.0,0.0,0.0,1.0,0.0,0.0,0.0,0.5333,0.4667,0.5579,0.4421,0.0,0.0,0.0,1.0,1.0,0.0,0.0,0.0
0.0,0.0,0.8367,0.1633,1.0,0.0,0.0,0.0,1.0,0.0,0.0,0.0,1.0,0.0,0.0,0.0,0.8354,0.1646,0.0,0.0,0.0,1.0,0.0,0.9129,0.0871,0.596,0.404,0.0,0.9976,0.0024,0.0,0.0
0.0,0.0,0.379,0.621,1.0,0.0,0.0,0.0,1.0,0.0,0.0,0.0,1.0,0.0,0.0,0.0,0.5062,0.4938,0.0,0.0,0.5333,0.4667,0.0,0.9258,0.0742,0.6141,0.3859,0.0,1.0,0.0,0.0,0.0
0.0,0.4456,0.5544,0.0,1.0,0.0,0.0,0.0,1.0,0.0,0.0,0.0,0.0,0.0,0.0,1.0,1.0,0.0,0.0,0.0,0.0,1.0,0.2316,0.7684,0.0,0.0,0.5495,0.4505,0.0,0.6647,0.3353,0.0
0.0,0.0,0.0,1.0,1.0,0.0,0.0,0.0,1.0,0.0,0.0,0.0,1.0,0.0,0.0,0.0,1.0,0.0,0.0,0.0,0.0,1.0,0.0,0.8774,0.1226,1.0,0.0,0.0,0.94,0.06,0.0,0.0
0.0,0.0,0.4956,0.5044,1.0,0.0,0.0,0.0,1.0,0.0,0.0,0.0,1.0,0.0,0.0,0.0,1.0,0.0,0.0,0.0,0.5333,0.4667,1.0,0.0,0.0,0.0,0.0,1.0,1.0,0.0,0.0,0.0
0.0,0.0,0.0,1.0,1.0,0.0,0.0,0.0,1.0,0.0,0.0,0.0,0.0,1.0,0.0,0.0,0.0,0.8042,0.1958,0.0,0.5333,0.4667,0.9474,0.0526,0.0,1.0,0.0,0.0,0.0,0.2467,0.7533,0.0
0.0,0.0,0.8367,0.1633,1.0,0.0,0.0,0.0,1.0,0.0,0.0,0.0,0.0,1.0,0.0,0.0,0.8354,0.1646,0.0,0.0,0.0,1.0,0.0,0.9129,0.0871,0.596,0.404,0.0,0.0,0.6333,0.3667,0.0
0.0,0.0,0.4956,0.5044,1.0,0.0,0.0,0.0,1.0,0.0,0.0,0.0,0.0,1.0,0.0,0.0,1.0,0.0,0.0,0.0,0.5333,0.4667,1.0,0.0,0.0,0.0,0.0,1.0,0.8176,0.1824,0.0,0.0
0.0,0.6701,0.3299,0.0,1.0,0.0,0.0,0.0,1.0,0.0,0.0,0.0,0.0,1.0,0.0,0.0,1.0,0.0,0.0,0.0,0.5333,0.4667,0.5579,0.4421,0.0,0.0,0.0,1.0,0.2576,0.7424,0.0,0.0
0.0,0.4456,0.5544,0.0,1.0,0.0,0.0,0.0,1.0,0.0,0.0,0.0,0.0,1.0,0.0,0.0,1.0,0.0,0.0,0.0,0.0,1.0,0.2316,0.7684,0.0,0.0,0.5495,0.4505,0.276,0.724,0.0,0.0
0.0,0.0,0.0,1.0,1.0,0.0,0.0,0.0,1.0,0.0,0.0,0.0,0.0,0.0,0.0,1.0,1.0,0.0,0.0,0.0,0.5333,0.4667,1.0,0.0,0.0,0.0,0.0,1.0,0.0,0.394,0.606,0.0
0.0,0.0,0.0,1.0,1.0,0.0,0.0,0.0,1.0,0.0,0.0,0.0,0.0,0.0,0.0,1.0,1.0,0.0,0.0,0.0,0.5333,0.4667,1.0,0.0,0.0,1.0,0.0,0.0,0.0,0.0,0.3416,0.6584
0.0,0.0,0.0,1.0,1.0,0.0,0.0,0.0,1.0,0.0,0.0,0.0,1.0,0.0,0.0,0.0,1.0,0.0,0.0,0.0,0.5333,0.4667,1.0,0.0,0.0,0.0,0.0,1.0,1.0,0.0,0.0,0.0
0.0,0.0,0.0,1.0,1.0,0.0,0.0,0.0,1.0,0.0,0.0,0.0,1.0,0.0,0.0,0.0,0.0,0.5798,0.4202,0.0,0.0,1.0,0.0684,0.9316,0.0,1.0,0.0,0.0,1.0,0.0,0.0,0.0
0.0,0.0,0.379,0.621,1.0,0.0,0.0,0.0,1.0,0.0,0.0,0.0,0.0,0.0,0.0,1.0,0.5062,0.4938,0.0,0.0,0.5333,0.4667,0.0,0.9258,0.0742,0.6141,0.3859,0.0,0.0,0.0,0.5776,0.4224
0.0,0.0,0.2216,0.7784,1.0,0.0,0.0,0.0,1.0,0.0,0.0,0.0,1.0,0.0,0.0,0.0,1.0,0.0,0.0,0.0,0.0,1.0,0.7842,0.2158,0.0,0.0,0.0,1.0,1.0,0.0,0.0,0.0
0.0,0.0,0.0,1.0,1.0,0.0,0.0,0.0,1.0,0.0,0.0,0.0,1.0,0.0,0.0,0.0,1.0,0.0,0.0,0.0,0.5333,0.4667,0.8579,0.1421,0.0,0.0,0.9626,0.0374,0.8488,0.1512,0.0,0.0
0.0,0.0,0.0,1.0,1.0,0.0,0.0,0.0,1.0,0.0,0.0,0.0,1.0,0.0,0.0,0.0,0.0,0.8042,0.1958,0.0,0.5333,0.4667,0.9474,0.0526,0.0,1.0,0.0,0.0,0.3184,0.6816,0.0,0.0
0.0,0.0,0.8367,0.1633,1.0,0.0,0.0,0.0,1.0,0.0,0.0,0.0,1.0,0.0,0.0,0.0,0.8354,0.1646,0.0,0.0,0.0,1.0,0.0,0.9129,0.0871,0.596,0.404,0.0,1.0,0.0,0.0,0.0
0.0,0.0,0.8367,0.1633,1.0,0.0,0.0,0.0,1.0,0.0,0.0,0.0,0.0,0.0,0.0,1.0,0.8354,0.1646,0.0,0.0,0.0,1.0,0.0,0.9129,0.0871,0.596,0.404,0.0,0.0,0.1867,0.8133,0.0
0.0,1.0,0.0,0.0,1.0,0.0,0.0,0.0,1.0,0.0,0.0,0.0,0.0,1.0,0.0,0.0,1.0,0.0,0.0,0.0,0.5333,0.4667,1.0,0.0,0.0,0.0,0.0,1.0,0.7632,0.2368,0.0,0.0
0.0,0.0,0.379,0.621,1.0,0.0,0.0,0.0,1.0,0.0,0.0,0.0,0.0,1.0,0.0,0.0,0.5062,0.4938,0.0,0.0,0.5333,0.4667,0.0,0.9258,0.0742,0.6141,0.3859,0.0,0.0,0.6413,0.3587,0.0
0.0,0.0,0.0,1.0,1.0,0.0,0.0,0.0,1.0,0.0,0.0,0.0,0.0,1.0,0.0,0.0,1.0,0.0,0.0,0.0,0.5333,0.4667,1.0,0.0,0.0,0.0,0.0,1.0,0.412,0.588,0.0,0.0
0.0,0.4456,0.5544,0.0,1.0,0.0,0.0,0.0,1.0,0.0,0.0,0.0,1.0,0.0,0.0,0.0,1.0,0.0,0.0,0.0,0.0,1.0,0.2316,0.7684,0.0,0.0,0.5495,0.4505,1.0,0.0,0.0,0.0
0.0,0.0,0.2216,0.7784,1.0,0.0,0.0,0.0,1.0,0.0,0.0,0.0,1.0,0.0,0.0,0.0,1.0,0.0,0.0,0.0,0.0,1.0,0.7842,0.2158,0.0,0.0,0.0,1.0,1.0,0.0,0.0,0.0
0.0,0.0,0.0,1.0,1.0,0.0,0.0,0.0,1.0,0.0,0.0,0.0,0.0,1.0,0.0,0.0,0.952,0.048,0.0,0.0,0.0,1.0,0.1211,0.8789,0.0,1.0,0.0,0.0,0.0,0.0547,0.9453,0.0
0.0,0.0,0.0,1.0,1.0,0.0,0.0,0.0,1.0,0.0,0.0,0.0,1.0,0.0,0.0,0.0,0.952,0.048,0.0,0.0,0.0,1.0,0.1211,0.8789,0.0,1.0,0.0,0.0,1.0,0.0,0.0,0.0
0.0,0.0,0.0,1.0,1.0,0.0,0.0,0.0,1.0,0.0,0.0,0.0,1.0,0.0,0.0,0.0,1.0,0.0,0.0,0.0,0.5333,0.4667,1.0,0.0,0.0,0.0,0.0,1.0,1.0,0.0,0.0,0.0
0.0,0.0,0.0,1.0,1.0,0.0,0.0,0.0,1.0,0.0,0.0,0.0,0.0,0.0,0.0,1.0,0.0,0.8042,0.1958,0.0,0.5333,0.4667,0.9474,0.0526,0.0,1.0,0.0,0.0,0.0,0.0,0.3576,0.6424
0.0,0.0918,0.9082,0.0,1.0,0.0,0.0,0.0,1.0,0.0,0.0,0.0,1.0,0.0,0.0,0.0,1.0,0.0,0.0,0.0,0.5333,0.4667,0.0684,0.9316,0.0,0.0,0.4132,0.5868,0.8264,0.1736,0.0,0.0
0.0,0.0918,0.9082,0.0,1.0,0.0,0.0,0.0,1.0,0.0,0.0,0.0,0.0,1.0,0.0,0.0,1.0,0.0,0.0,0.0,0.5333,0.4667,0.0684,0.9316,0.0,0.0,0.4132,0.5868,0.0,0.804,0.196,0.0
0.0,0.0,0.0933,0.9067,1.0,0.0,0.0,0.0,1.0,0.0,0.0,0.0,1.0,0.0,0.0,0.0,0.3114,0.6886,0.0,0.0,0.0,1.0,0.0,0.8452,0.1548,1.0,0.0,0.0,1.0,0.0,0.0,0.0
0.0,0.0,0.0,1.0,1.0,0.0,0.0,0.0,1.0,0.0,0.0,0.0,1.0,0.0,0.0,0.0,1.0,0.0,0.0,0.0,0.0,1.0,0.2579,0.7421,0.0,0.0,0.5473,0.4527,1.0,0.0,0.0,0.0
0.0,1.0,0.0,0.0,1.0,0.0,0.0,0.0,1.0,0.0,0.0,0.0,0.0,0.0,0.0,1.0,1.0,0.0,0.0,0.0,0.5333,0.4667,1.0,0.0,0.0,0.0,0.0,1.0,0.0944,0.9056,0.0,0.0
0.0,0.0918,0.9082,0.0,1.0,0.0,0.0,0.0,1.0,0.0,0.0,0.0,0.0,0.0,0.0,1.0,1.0,0.0,0.0,0.0,0.5333,0.4667,0.0684,0.9316,0.0,0.0,0.4132,0.5868,0.0,0.0,0.94,0.06
0.0,0.0,0.0,1.0,1.0,0.0,0.0,0.0,1.0,0.0,0.0,0.0,1.0,0.0,0.0,0.0,1.0,0.0,0.0,0.0,0.5333,0.4667,1.0,0.0,0.0,0.0,0.0,1.0,1.0,0.0,0.0,0.0
0.0,0.6701,0.3299,0.0,1.0,0.0,0.0,0.0,1.0,0.0,0.0,0.0,0.0,0.0,0.0,1.0,1.0,0.0,0.0,0.0,0.5333,0.4667,0.5579,0.4421,0.0,0.0,0.0,1.0,0.0,0.6933,0.3067,0.0
0.0,0.0,0.0933,0.9067,1.0,0.0,0.0,0.0,1.0,0.0,0.0,0.0,0.0,1.0,0.0,0.0,0.3114,0.6886,0.0,0.0,0.0,1.0,0.0,0.8452,0.1548,1.0,0.0,0.0,0.0,0.3693,0.6307,0.0
0.0,0.0,0.0,1.0,1.0,0.0,0.0,0.0,1.0,0.0,0.0,0.0,0.0,0.0,0.0,1.0,0.0,0.5798,0.4202,0.0,0.0,1.0,0.0684,0.9316,0.0,1.0,0.0,0.0,0.0,0.0,0.032,0.968
0.0,0.0,0.0,1.0,1.0,0.0,0.0,0.0,1.0,0.0,0.0,0.0,1.0,0.0,0.0,0.0,1.0,0.0,0.0,0.0,0.5333,0.4667,1.0,0.0,0.0,1.0,0.0,0.0,0.4816,0.5184,0.0,0.0
0.0,0.0,0.0,1.0,1.0,0.0,0.0,0.0,1.0,0.0,0.0,0.0,1.0,0.0,0.0,0.0,1.0,0.0,0.0,0.0,0.5333,0.4667,0.8579,0.1421,0.0,0.0,0.9626,0.0374,1.0,0.0,0.0,0.0
0.0,1.0,0.0,0.0,1.0,0.0,0.0,0.0,1.0,0.0,0.0,0.0,1.0,0.0,0.0,0.0,1.0,0.0,0.0,0.0,0.5333,0.4667,1.0,0.0,0.0,0.0,0.0,1.0,1.0,0.0,0.0,0.0
0.0,0.0,0.0,1.0,1.0,0.0,0.0,0.0,1.0,0.0,0.0,0.0,0.0,0.0,0.0,1.0,1.0,0.0,0.0,0.0,0.0,1.0,0.0,0.9387,0.0613,0.6263,0.3737,0.0,0.0,0.1893,0.8107,0.0
0.0,0.0,0.0,1.0,1.0,0.0,0.0,0.0,1.0,0.0,0.0,0.0,1.0,0.0,0.0,0.0,1.0,0.0,0.0,0.0,0.5333,0.4667,1.0,0.0,0.0,0.0,0.0,1.0,1.0,0.0,0.0,0.0
0.0,0.0,0.0,1.0,1.0,0.0,0.0,0.0,1.0,0.0,0.0,0.0,1.0,0.0,0.0,0.0,1.0,0.0,0.0,0.0,0.0,1.0,0.0,0.9387,0.0613,0.6263,0.3737,0.0,1.0,0.0,0.0,0.0
0.0,0.0,0.0,1.0,1.0,0.0,0.0,0.0,1.0,0.0,0.0,0.0,1.0,0.0,0.0,0.0,1.0,0.0,0.0,0.0,0.0,1.0,0.2579,0.7421,0.0,0.0,0.5473,0.4527,1.0,0.0,0.0,0.0
0.0,0.0,0.0,1.0,1.0,0.0,0.0,0.0,1.0,0.0,0.0,0.0,0.0,0.0,0.0,1.0,1.0,0.0,0.0,0.0,0.0,1.0,0.0,0.8774,0.1226,1.0,0.0,0.0,0.0,0.0,0.9144,0.0856
0.0,0.0,0.0,1.0,1.0,0.0,0.0,0.0,1.0,0.0,0.0,0.0,0.0,0.0,0.0,1.0,0.952,0.048,0.0,0.0,0.0,1.0,0.1211,0.8789,0.0,1.0,0.0,0.0,0.0,0.0,0.2512,0.7488
1.0,0.0,0.0,0.0,1.0,0.0,0.0,0.0,1.0,0.0,0.0,0.0,1.0,0.0,0.0,0.0,0.0,0.5188,0.4812,0.0,0.5333,0.4667,0.0,0.2903,0.7097,0.0,0.0,1.0,1.0,0.0,0.0,0.0
1.0,0.0,0.0,0.0,1.0,0.0,0.0,0.0,1.0,0.0,0.0,0.0,1.0,0.0,0.0,0.0,0.0,0.5188,0.4812,0.0,0.5333,0.4667,0.0,0.2903,0.7097,0.0,0.0,1.0,0.8208,0.1792,0.0,0.0
1.0,0.0,0.0,0.0,1.0,0.0,0.0,0.0,1.0,0.0,0.0,0.0,0.0,1.0,0.0,0.0,0.0,0.5188,0.4812,0.0,0.5333,0.4667,0.0,0.2903,0.7097,0.0,0.0,1.0,0.0,0.978,0.022,0.0
1.0,0.0,0.0,0.0,1.0,0.0,0.0,0.0,1.0,0.0,0.0,0.0,0.0,0.0,0.0,1.0,0.0,0.5188,0.4812,0.0,0.5333,0.4667,0.0,0.2903,0.7097,0.0,0.0,1.0,0.0,0.4493,0.5507,0.0
1.0,0.0,0.0,0.0,1.0,0.0,0.0,0.0,1.0,0.0,0.0,0.0,0.0,0.0,0.0,1.0,0.0,0.5188,0.4812,0.0,0.5333,0.4667,0.0,0.2903,0.7097,0.0,0.0,1.0,0.0,0.2533,0.7467,0.0
1.0,0.0,0.0,0.0,1.0,0.0,0.0,0.0,1.0,0.0,0.0,0.0,1.0,0.0,0.0,0.0,0.0,0.2464,0.7536,0.0,0.5333,0.4667,0.0,0.0806,0.9194,0.0,0.0879,0.9121,1.0,0.0,0.0,0.0
1.0,0.0,0.0,0.0,1.0,0.0,0.0,0.0,1.0,0.0,0.0,0.0,1.0,0.0,0.0,0.0,0.0,0.2464,0.7536,0.0,0.5333,0.4667,0.0,0.0806,0.9194,0.0,0.0879,0.9121,0.8048,0.1952,0.0,0.0
1.0,0.0,0.0,0.0,1.0,0.0,0.0,0.0,1.0,0.0,0.0,0.0,0.0,1.0,0.0,0.0,0.0,0.2464,0.7536,0.0,0.5333,0.4667,0.0,0.0806,0.9194,0.0,0.0879,0.9121,0.0,0.7173,0.2827,0.0
1.0,0.0,0.0,0.0,1.0,0.0,0.0,0.0,1.0,0.0,0.0,0.0,0.0,0.0,0.0,1.0,0.0,0.2464,0.7536,0.0,0.5333,0.4667,0.0,0.0806,0.9194,0.0,0.0879,0.9121,0.0,0.306,0.694,0.0
1.0,0.0,0.0,0.0,1.0,0.0,0.0,0.0,1.0,0.0,0.0,0.0,0.0,0.0,0.0,1.0,0.0,0.2464,0.7536,0.0,0.5333,0.4667,0.0,0.0806,0.9194,0.0,0.0879,0.9121,0.0,0.208,0.792,0.0
1.0,0.0,0.0,0.0,1.0,0.0,0.0,0.0,1.0,0.0,0.0,0.0,1.0,0.0,0.0,0.0,0.0,0.013,0.987,0.0,0.5333,0.4667,0.0,0.0,1.0,0.0,0.3516,0.6484,0.9304,0.0696,0.0,0.0
1.0,0.0,0.0,0.0,1.0,0.0,0.0,0.0,1.0,0.0,0.0,0.0,1.0,0.0,0.0,0.0,0.0,0.013,0.987,0.0,0.5333,0.4667,0.0,0.0,1.0,0.0,0.3516,0.6484,1.0,0.0,0.0,0.0
1.0,0.0,0.0,0.0,1.0,0.0,0.0,0.0,1.0,0.0,0.0,0.0,0.0,1.0,0.0,0.0,0.0,0.013,0.987,0.0,0.5333,0.4667,0.0,0.0,1.0,0.0,0.3516,0.6484,0.0,0.5927,0.4073,0.0
1.0,0.0,0.0,0.0,1.0,0.0,0.0,0.0,1.0,0.0,0.0,0.0,0.0,0.0,0.0,1.0,0.0,0.013,0.987,0.0,0.5333,0.4667,0.0,0.0,1.0,0.0,0.3516,0.6484,0.0,0.1227,0.8773,0.0
1.0,0.0,0.0,0.0,1.0,0.0,0.0,0.0,1.0,0.0,0.0,0.0,0.0,0.0,0.0,1.0,0.0,0.013,0.987,0.0,0.5333,0.4667,0.0,0.0,1.0,0.0,0.3516,0.6484,0.0,0.1093,0.8907,0.0
1.0,0.0,0.0,0.0,1.0,0.0,0.0,0.0,1.0,0.0,0.0,0.0,1.0,0.0,0.0,0.0,0.4787,0.5213,0.0,0.0,0.9333,0.0667,0.0,0.0,1.0,0.0,0.7912,0.2088,1.0,0.0,0.0,0.0
1.0,0.0,0.0,0.0,1.0,0.0,0.0,0.0,1.0,0.0,0.0,0.0,0.0,1.0,0.0,0.0,0.4787,0.5213,0.0,0.0,0.9333,0.0667,0.0,0.0,1.0,0.0,0.7912,0.2088,0.7968,0.2032,0.0,0.0
1.0,0.0,0.0,0.0,1.0,0.0,0.0,0.0,1.0,0.0,0.0,0.0,1.0,0.0,0.0,0.0,0.0,0.7004,0.2996,0.0,0.9333,0.0667,0.0,0.0,1.0,0.2121,0.7879,0.0,0.6872,0.3128,0.0,0.0
1.0,0.0,0.0,0.0,1.0,0.0,0.0,0.0,1.0,0.0,0.0,0.0,0.0,1.0,0.0,0.0,0.0,0.7004,0.2996,0.0,0.9333,0.0667,0.0,0.0,1.0,0.2121,0.7879,0.0,0.1856,0.8144,0.0,0.0
1.0,0.0,0.0,0.0,1.0,0.0,0.0,0.0,1.0,0.0,0.0,0.0,1.0,0.0,0.0,0.0,0.0,0.6874,0.3126,0.0,0.9333,0.0667,0.0,0.0,1.0,0.9192,0.0808,0.0,0.0,0.7693,0.2307,0.0
1.0,0.0,0.0,0.0,1.0,0.0,0.0,0.0,1.0,0.0,0.0,0.0,0.0,1.0,0.0,0.0,0.0,0.0,1.0,0.0,0.5333,0.4667,0.8421,0.1579,0.0,1.0,0.0,0.0,0.0,0.0,0.8888,0.1112
1.0,0.0,0.0,0.0,1.0,0.0,0.0,0.0,1.0,0.0,0.0,0.0,0.0,0.0,0.0,1.0,0.0,0.0,1.0,0.0,0.5333,0.4667,0.8421,0.1579,0.0,1.0,0.0,0.0,0.0,0.0,0.0576,0.9424
1.0,0.0,0.0,0.0,1.0,0.0,0.0,0.0,1.0,0.0,0.0,0.0,0.0,1.0,0.0,0.0,0.0,0.0,1.0,0.0,0.9333,0.0667,0.0,0.0,1.0,0.9192,0.0808,0.0,0.0,0.3707,0.6293,0.0
1.0,0.0,0.0,0.0,1.0,0.0,0.0,0.0,1.0,0.0,0.0,0.0,1.0,0.0,0.0,0.0,0.0,0.8949,0.1051,0.0,0.9333,0.0667,0.0,0.0,1.0,0.1111,0.8889,0.0,1.0,0.0,0.0,0.0
1.0,0.0,0.0,0.0,1.0,0.0,0.0,0.0,1.0,0.0,0.0,0.0,0.0,1.0,0.0,0.0,0.0,0.8949,0.1051,0.0,1.0,0.0,0.0,0.0,1.0,0.1111,0.8889,0.0,0.4048,0.5952,0.0,0.0
1.0,0.0,0.0,0.0,1.0,0.0,0.0,0.0,1.0,0.0,0.0,0.0,1.0,0.0,0.0,0.0,0.0,0.0,1.0,0.0,0.0,1.0,0.0,0.0,1.0,1.0,0.0,0.0,1.0,0.0,0.0,0.0
1.0,0.0,0.0,0.0,1.0,0.0,0.0,0.0,1.0,0.0,0.0,0.0,1.0,0.0,0.0,0.0,0.0,0.0,1.0,0.0,0.0,1.0,0.0,0.0,1.0,1.0,0.0,0.0,0.1152,0.8848,0.0,0.0
1.0,0.0,0.0,0.0,1.0,0.0,0.0,0.0,1.0,0.0,0.0,0.0,1.0,0.0,0.0,0.0,0.0,0.0,1.0,0.0,0.0,1.0,0.0,0.0,1.0,1.0,0.0,0.0,0.0,0.6193,0.3807,0.0
1.0,0.0,0.0,0.0,1.0,0.0,0.0,0.0,1.0,0.0,0.0,0.0,0.6667,0.3333,0.0,0.0,0.0,0.0,1.0,0.0,0.0,1.0,0.0,0.0,1.0,1.0,0.0,0.0,0.0,0.3707,0.6293,0.0
1.0,0.0,0.0,0.0,1.0,0.0,0.0,0.0,1.0,0.0,0.0,0.0,0.0,1.0,0.0,0.0,0.0,0.0,1.0,0.0,0.0,1.0,0.0,0.0,1.0,1.0,0.0,0.0,0.0,0.0,0.8728,0.1272
1.0,0.0,0.0,0.0,1.0,0.0,0.0,0.0,1.0,0.0,0.0,0.0,1.0,0.0,0.0,0.0,0.0,0.0,1.0,0.6,0.4,0.0,0.0,0.0,1.0,1.0,0.0,0.0,0.0,0.0,0.1912,0.8088
1.0,0.0,0.0,0.0,1.0,0.0,0.0,0.0,1.0,0.0,0.0,0.0,0.6667,0.3333,0.0,0.0,0.0,0.0,1.0,0.6,0.4,0.0,0.0,0.0,1.0,1.0,0.0,0.0,0.0,0.0,0.0,1.0
1.0,0.0,0.0,0.0,1.0,0.0,0.0,0.0,1.0,0.0,0.0,0.0,0.0,1.0,0.0,0.0,0.0,0.0,1.0,0.6,0.4,0.0,0.0,0.0,1.0,1.0,0.0,0.0,0.0,0.0,0.0,1.0
1.0,0.0,0.0,0.0,1.0,0.0,0.0,0.0,1.0,0.0,0.0,0.0,0.0,0.0,0.0,1.0,0.0,0.0,1.0,0.6,0.4,0.0,0.0,0.0,1.0,1.0,0.0,0.0,0.0,0.0,0.0,1.0
1.0,0.0,0.0,0.0,1.0,0.0,0.0,0.0,1.0,0.0,0.0,0.0,0.0,0.0,0.0,1.0,0.0,0.0,1.0,0.6,0.4,0.0,0.0,0.0,1.0,1.0,0.0,0.0,0.0,0.0,0.0,1.0
1.0,0.0,0.0,0.0,1.0,0.0,0.0,0.0,1.0,0.0,0.0,0.0,0.0,0.0,0.0,1.0,0.0,0.0,1.0,0.6,0.4,0.0,0.0,0.0,1.0,1.0,0.0,0.0,0.0,0.0,0.0,1.0
1.0,0.0,0.0,0.0,1.0,0.0,0.0,0.0,1.0,0.0,0.0,0.0,1.0,0.0,0.0,0.0,0.0,0.0,1.0,0.0,0.0,1.0,0.0,0.9032,0.0968,0.0909,0.9091,0.0,0.7496,0.2504,0.0,0.0
1.0,0.0,0.0,0.0,1.0,0.0,0.0,0.0,1.0,0.0,0.0,0.0,0.6667,0.3333,0.0,0.0,0.0,0.0,1.0,0.0,0.0,1.0,0.0,0.9032,0.0968,0.0909,0.9091,0.0,0.3976,0.6024,0.0,0.0
1.0,0.0,0.0,0.0,1.0,0.0,0.0,0.0,1.0,0.0,0.0,0.0,0.0,1.0,0.0,0.0,0.0,0.0,1.0,0.0,0.0,1.0,0.0,0.9032,0.0968,0.0909,0.9091,0.0,0.0128,0.9872,0.0,0.0
1.0,0.0,0.0,0.0,1.0,0.0,0.0,0.0,1.0,0.0,0.0,0.0,0.0,0.0,1.0,0.0,0.0,0.0,1.0,0.0,0.0,1.0,0.0,0.9032,0.0968,0.0909,0.9091,0.0,0.0,0.8347,0.1653,0.0
1.0,0.0,0.0,0.0,1.0,0.0,0.0,0.0,1.0,0.0,0.0,0.0,0.0,0.0,0.0,1.0,0.0,0.0,1.0,0.0,0.0,1.0,0.0,0.9032,0.0968,0.0909,0.9091,0.0,0.0,0.7433,0.2567,0.0
1.0,0.0,0.0,0.0,1.0,0.0,0.0,0.0,1.0,0.0,0.0,0.0,0.0,0.0,0.0,1.0,0.0,0.0,1.0,0.0,0.0,1.0,0.0,0.9032,0.0968,0.0909,0.9091,0.0,0.0,0.652,0.348,0.0
1.0,0.0,0.0,0.0,1.0,0.0,0.0,0.0,1.0,0.0,0.0,0.0,1.0,0.0,0.0,0.0,0.0,0.0,1.0,0.0,0.9333,0.0667,0.0526,0.9474,0.0,0.3333,0.6667,0.0,1.0,0.0,0.0,0.0
1.0,0.0,0.0,0.0,1.0,0.0,0.0,0.0,1.0,0.0,0.0,0.0,1.0,0.0,0.0,0.0,0.0,0.0,1.0,0.0,0.9333,0.0667,0.0526,0.9474,0.0,0.3333,0.6667,0.0,1.0,0.0,0.0,0.0
1.0,0.0,0.0,0.0,1.0,0.0,0.0,0.0,1.0,0.0,0.0,0.0,1.0,0.0,0.0,0.0,0.0,0.0,1.0,0.0,0.9333,0.0667,0.0526,0.9474,0.0,0.3333,0.6667,0.0,0.3424,0.6576,0.0,0.0
1.0,0.0,0.0,0.0,1.0,0.0,0.0,0.0,1.0,0.0,0.0,0.0,0.6667,0.3333,0.0,0.0,0.0,0.0,1.0,0.0,0.9333,0.0667,0.0526,0.9474,0.0,0.3333,0.6667,0.0,0.0,0.972,0.028,0.0
1.0,0.0,0.0,0.0,1.0,0.0,0.0,0.0,1.0,0.0,0.0,0.0,0.0,1.0,0.0,0.0,0.0,0.0,1.0,0.0,0.9333,0.0667,0.0526,0.9474,0.0,0.3333,0.6667,0.0,0.0,0.7433,0.2567,0.0
1.0,0.0,0.0,0.0,1.0,0.0,0.0,0.0,1.0,0.0,0.0,0.0,0.0,0.0,0.0,1.0,0.0,0.2464,0.7536,0.0,0.5333,0.4667,0.0,0.8387,0.1613,0.0,0.0,1.0,0.0,0.2333,0.7667,0.0
1.0,0.0,0.0,0.0,1.0,0.0,0.0,0.0,1.0,0.0,0.0,0.0,0.0,0.0,0.0,1.0,0.0,0.2464,0.7536,0.0,0.5333,0.4667,0.0,0.8387,0.1613,0.0,0.0,1.0,0.0,0.084,0.916,0.0
1.0,0.0,0.0,0.0,1.0,0.0,0.0,0.0,1.0,0.0,0.0,0.0,1.0,0.0,0.0,0.0,0.0,0.013,0.987,0.0,0.5333,0.4667,0.0,0.0,1.0,0.0,0.4176,0.5824,1.0,0.0,0.0,0.0
1.0,0.0,0.0,0.0,1.0,0.0,0.0,0.0,1.0,0.0,0.0,0.0,1.0,0.0,0.0,0.0,0.0,0.2464,0.7536,0.0,0.5333,0.4667,0.0,0.8387,0.1613,0.0,0.0,1.0,1.0,0.0,0.0,0.0
1.0,0.0,0.0,0.0,1.0,0.0,0.0,0.0,1.0,0.0,0.0,0.0,1.0,0.0,0.0,0.0,0.0,0.0,1.0,0.0,0.9333,0.0667,0.0,0.0,1.0,0.8182,0.1818,0.0,0.28,0.72,0.0,0.0
1.0,0.0,0.0,0.0,1.0,0.0,0.0,0.0,1.0,0.0,0.0,0.0,0.0,1.0,0.0,0.0,0.0,0.0,1.0,0.0,0.9333,0.0667,0.0,0.0,1.0,0.8182,0.1818,0.0,0.0,0.3387,0.6613,0.0
1.0,0.0,0.0,0.0,1.0,0.0,0.0,0.0,1.0,0.0,0.0,0.0,1.0,0.0,0.0,0.0,0.0,0.0,1.0,0.0,0.9333,0.0667,0.0,0.0,1.0,0.0,0.9011,0.0989,1.0,0.0,0.0,0.0
1.0,0.0,0.0,0.0,1.0,0.0,0.0,0.0,1.0,0.0,0.0,0.0,0.0,1.0,0.0,0.0,0.0,0.8949,0.1051,0.0,0.9333,0.0667,0.0,0.0,1.0,0.1111,0.8889,0.0,0.4048,0.5952,0.0,0.0
1.0,0.0,0.0,0.0,1.0,0.0,0.0,0.0,1.0,0.0,0.0,0.0,1.0,0.0,0.0,0.0,0.0,0.1427,0.8573,0.0,1.0,0.0,0.0,0.0,1.0,0.5152,0.4848,0.0,0.5072,0.4928,0.0,0.0
1.0,0.0,0.0,0.0,1.0,0.0,0.0,0.0,1.0,0.0,0.0,0.0,0.0,1.0,0.0,0.0,0.0,0.1427,0.8573,0.0,1.0,0.0,0.0,0.0,1.0,0.5152,0.4848,0.0,0.0,0.7107,0.2893,0.0
1.0,0.0,0.0,0.0,1.0,0.0,0.0,0.0,1.0,0.0,0.0,0.0,1.0,0.0,0.0,0.0,0.0,0.7134,0.2866,0.0,1.0,0.0,0.0,0.0,1.0,0.2121,0.7879,0.0,1.0,0.0,0.0,0.0
1.0,0.0,0.0,0.0,1.0,0.0,0.0,0.0,1.0,0.0,0.0,0.0,0.0,1.0,0.0,0.0,0.0,0.7134,0.2866,0.0,1.0,0.0,0.0,0.0,1.0,0.2121,0.7879,0.0,0.1856,0.8144,0.0,0.0
1.0,0.0,0.0,0.0,1.0,0.0,0.0,0.0,1.0,0.0,0.0,0.0,0.0,1.0,0.0,0.0,0.4787,0.5213,0.0,0.0,1.0,0.0,0.0,0.0,1.0,0.0,0.7912,0.2088,0.7968,0.2032,0.0,0.0
1.0,0.0,0.0,0.0,1.0,0.0,0.0,0.0,1.0,0.0,0.0,0.0,1.0,0.0,0.0,0.0,0.0,0.7004,0.2996,0.0,0.5333,0.4667,0.0,0.0,1.0,0.2929,0.7071,0.0,1.0,0.0,0.0,0.0
1.0,0.0,0.0,0.0,1.0,0.0,0.0,0.0,1.0,0.0,0.0,0.0,0.0,1.0,0.0,0.0,0.0,0.7004,0.2996,0.0,0.5333,0.4667,0.0,0.0,1.0,0.2929,0.7071,0.0,0.468,0.532,0.0,0.0
1.0,0.0,0.0,0.0,1.0,0.0,0.0,0.0,1.0,0.0,0.0,0.0,0.0,0.0,0.0,1.0,0.0,0.7004,0.2996,0.0,0.5333,0.4667,0.0,0.0,1.0,0.2929,0.7071,0.0,0.0,0.874,0.126,0.0
1.0,0.0,0.0,0.0,1.0,0.0,0.0,0.0,1.0,0.0,0.0,0.0,1.0,0.0,0.0,0.0,0.0,0.2464,0.7536,0.0,0.5333,0.4667,1.0,0.0,0.0,0.0,0.0,1.0,1.0,0.0,0.0,0.0
1.0,0.0,0.0,0.0,1.0,0.0,0.0,0.0,1.0,0.0,0.0,0.0,1.0,0.0,0.0,0.0,0.0,0.2464,0.7536,0.0,0.5333,0.4667,0.0,0.8387,0.1613,0.0,0.0,1.0,0.8992,0.1008,0.0,0.0
1.0,0.0,0.0,0.0,1.0,0.0,0.0,0.0,1.0,0.0,0.0,0.0,0.0,1.0,0.0,0.0,0.0,0.2464,0.7536,0.0,0.5333,0.4667,0.0,0.8387,0.1613,0.0,0.0,1.0,0.0,0.7367,0.2633,0.0
1.0,0.0,0.0,0.0,1.0,0.0,0.0,0.0,1.0,0.0,0.0,0.0,0.0,0.0,0.0,1.0,0.0,0.2464,0.7536,0.0,0.5333,0.4667,0.0,0.8387,0.1613,0.0,0.0,1.0,0.0,0.3513,0.6487,0.0
1.0,0.0,0.0,0.0,1.0,0.0,0.0,0.0,1.0,0.0,0.0,0.0,1.0,0.0,0.0,0.0,0.0,0.013,0.987,0.0,0.5333,0.4667,0.0,0.0,1.0,0.0,0.4176,0.5824,0.7496,0.2504,0.0,0.0
1.0,0.0,0.0,0.0,1.0,0.0,0.0,0.0,1.0,0.0,0.0,0.0,0.0,1.0,0.0,0.0,0.0,0.013,0.987,0.0,0.5333,0.4667,0.0,0.0,1.0,0.0,0.4176,0.5824,0.0,0.652,0.348,0.0
1.0,0.0,0.0,0.0,1.0,0.0,0.0,0.0,1.0,0.0,0.0,0.0,0.0,0.0,0.0,1.0,0.0,0.013,0.987,0.0,0.5333,0.4667,0.0,0.0,1.0,0.0,0.4176,0.5824,0.0,0.2007,0.7993,0.0
1.0,0.0,0.0,0.0,1.0,0.0,0.0,0.0,1.0,0.0,0.0,0.0,0.0,0.0,0.0,1.0,0.0,0.013,0.987,0.0,0.5333,0.4667,0.0,0.0,1.0,0.0,0.4176,0.5824,0.0,0.0967,0.9033,0.0
1.0,0.0,0.0,0.0,1.0,0.0,0.0,0.0,1.0,0.0,0.0,0.0,0.0,0.0,0.0,1.0,0.0,0.013,0.987,0.0,0.5333,0.4667,0.0,0.0,1.0,0.0,0.4176,0.5824,0.0,0.0247,0.9753,0.0
1.0,0.0,0.0,0.0,1.0,0.0,0.0,0.0,1.0,0.0,0.0,0.0,0.6667,0.3333,0.0,0.0,0.0,0.6226,0.3774,0.0,0.0,1.0,0.0,0.9032,0.0968,0.0,0.1758,0.8242,0.7496,0.2504,0.0,0.0
1.0,0.0,0.0,0.0,1.0,0.0,0.0,0.0,1.0,0.0,0.0,0.0,0.0,0.0,0.0,1.0,0.0,0.6226,0.3774,0.0,0.0,1.0,0.0,0.9032,0.0968,0.0,0.1758,0.8242,0.0608,0.9392,0.0,0.0
1.0,0.0,0.0,0.0,1.0,0.0,0.0,0.0,1.0,0.0,0.0,0.0,0.0,0.0,0.0,1.0,0.0,0.0,1.0,0.0,0.7333,0.2667,0.0,0.0,1.0,1.0,0.0,0.0,0.0,0.0,0.0,1.0
1.0,0.0,0.0,0.0,1.0,0.0,0.0,0.0,1.0,0.0,0.0,0.0,0.0,0.0,0.0,1.0,0.0,0.0,1.0,0.0,0.0,1.0,0.0,0.0,1.0,1.0,0.0,0.0,0.0,0.0,0.6224,0.3776
1.0,0.0,0.0,0.0,1.0,0.0,0.0,0.0,1.0,0.0,0.0,0.0,0.0,0.0,0.0,1.0,0.0,0.0,1.0,0.0,0.0,1.0,0.0,0.0,1.0,1.0,0.0,0.0,0.0,0.0,0.3168,0.6832
1.0,0.0,0.0,0.0,1.0,0.0,0.0,0.0,1.0,0.0,0.0,0.0,0.0,0.0,0.0,1.0,0.0,0.0,1.0,0.0,0.0,1.0,0.0,0.0,1.0,1.0,0.0,0.0,0.0,0.0,0.0,1.0
1.0,0.0,0.0,0.0,1.0,0.0,0.0,0.0,1.0,0.0,0.0,0.0,1.0,0.0,0.0,0.0,0.0,0.0,1.0,0.6,0.4,0.0,0.0,0.0,1.0,1.0,0.0,0.0,0.0,0.0573,0.9427,0.0
1.0,0.0,0.0,0.0,1.0,0.0,0.0,0.0,1.0,0.0,0.0,0.0,1.0,0.0,0.0,0.0,0.2867,0.7133,0.0,0.0,1.0,0.0,0.0,0.0,1.0,0.0,0.9011,0.0989,1.0,0.0,0.0,0.0
1.0,0.0,0.0,0.0,1.0,0.0,0.0,0.0,1.0,0.0,0.0,0.0,0.0,1.0,0.0,0.0,0.2867,0.7133,0.0,0.0,1.0,0.0,0.0,0.0,1.0,0.0,0.9011,0.0989,0.6248,0.3752,0.0,0.0
1.0,0.0,0.0,0.0,1.0,0.0,0.0,0.0,1.0,0.0,0.0,0.0,0.0,1.0,0.0,0.0,0.0,0.1427,0.8573,0.0,1.0,0.0,0.0,0.0,1.0,0.5152,0.4848,0.0,0.0,0.7233,0.2767,0.0
1.0,0.0,0.0,0.0,1.0,0.0,0.0,0.0,1.0,0.0,0.0,0.0,1.0,0.0,0.0,0.0,0.0,0.0,1.0,0.0,0.5333,0.4667,0.7368,0.2632,0.0,0.4343,0.5657,0.0,0.6712,0.3288,0.0,0.0
1.0,0.0,0.0,0.0,1.0,0.0,0.0,0.0,1.0,0.0,0.0,0.0,0.0,1.0,0.0,0.0,0.0,0.0,1.0,0.0,0.5333,0.4667,0.7368,0.2632,0.0,0.4343,0.5657,0.0,0.0,0.1947,0.8053,0.0
1.0,0.0,0.0,0.0,1.0,0.0,0.0,0.0,1.0,0.0,0.0,0.0,0.0,0.0,0.0,1.0,0.0,0.0,1.0,0.0,0.5333,0.4667,0.7368,0.2632,0.0,0.4343,0.5657,0.0,0.0,0.0,0.4968,0.5032
1.0,0.0,0.0,0.0,1.0,0.0,0.0,0.0,1.0,0.0,0.0,0.0,1.0,0.0,0.0,0.0,0.0,0.0,1.0,0.0,1.0,0.0,0.0,0.0,1.0,0.8182,0.1818,0.0,0.28,0.72,0.0,0.0
1.0,0.0,0.0,0.0,1.0,0.0,0.0,0.0,1.0,0.0,0.0,0.0,0.0,1.0,0.0,0.0,0.0,0.0,1.0,0.0,1.0,0.0,0.0,0.0,1.0,0.8182,0.1818,0.0,0.0,0.3387,0.6613,0.0
1.0,0.0,0.0,0.0,1.0,0.0,0.0,0.0,1.0,0.0,0.0,0.0,1.0,0.0,0.0,0.0,0.2867,0.7133,0.0,0.0,0.9333,0.0667,0.0,0.0,1.0,0.0,0.9011,0.0989,1.0,0.0,0.0,0.0
1.0,0.0,0.0,0.0,1.0,0.0,0.0,0.0,1.0,0.0,0.0,0.0,1.0,0.0,0.0,0.0,0.0,0.5188,0.4812,0.0,0.5333,0.4667,0.0,0.9677,0.0323,0.0,0.0,1.0,1.0,0.0,0.0,0.0
1.0,0.0,0.0,0.0,1.0,0.0,0.0,0.0,1.0,0.0,0.0,0.0,0.0,1.0,0.0,0.0,0.0,0.5188,0.4812,0.0,0.5333,0.4667,0.0,0.9677,0.0323,0.0,0.0,1.0,0.0,0.972,0.028,0.0
1.0,0.0,0.0,0.0,1.0,0.0,0.0,0.0,1.0,0.0,0.0,0.0,0.0,0.0,0.0,1.0,0.0,0.5188,0.4812,0.0,0.5333,0.4667,0.0,0.9677,0.0323,0.0,0.0,1.0,0.0,0.5213,0.4787,0.0
1.0,0.0,0.0,0.0,1.0,0.0,0.0,0.0,1.0,0.0,0.0,0.0,0.0,0.0,0.0,1.0,0.0,0.5188,0.4812,0.0,0.5333,0.4667,0.0,0.9677,0.0323,0.0,0.0,1.0,0.0,0.3447,0.6553,0.0
1.0,0.0,0.0,0.0,1.0,0.0,0.0,0.0,1.0,0.0,0.0,0.0,0.0,0.0,0.0,1.0,0.0,0.5188,0.4812,0.0,0.5333,0.4667,0.0,0.9677,0.0323,0.0,0.0,1.0,0.0,0.2927,0.7073,0.0
1.0,0.0,0.0,0.0,1.0,0.0,0.0,0.0,1.0,0.0,0.0,0.0,1.0,0.0,0.0,0.0,0.0,0.0,1.0,0.0,0.7333,0.2667,0.0,0.0,1.0,1.0,0.0,0.0,0.0,0.58,0.42,0.0
1.0,0.0,0.0,0.0,1.0,0.0,0.0,0.0,1.0,0.0,0.0,0.0,1.0,0.0,0.0,0.0,0.0,0.0,1.0,0.0,0.7333,0.2667,0.0,0.0,1.0,1.0,0.0,0.0,0.0,0.0053,0.9947,0.0
1.0,0.0,0.0,0.0,1.0,0.0,0.0,0.0,1.0,0.0,0.0,0.0,0.6667,0.3333,0.0,0.0,0.0,0.0,1.0,0.0,0.7333,0.2667,0.0,0.0,1.0,1.0,0.0,0.0,0.0,0.0,0.528,0.472
1.0,0.0,0.0,0.0,1.0,0.0,0.0,0.0,1.0,0.0,0.0,0.0,0.0,1.0,0.0,0.0,0.0,0.0,1.0,0.0,0.7333,0.2667,0.0,0.0,1.0,1.0,0.0,0.0,0.0,0.0,0.0,1.0
1.0,0.0,0.0,0.0,1.0,0.0,0.0,0.0,1.0,0.0,0.0,0.0,0.0,0.0,0.0,1.0,0.0,0.0,1.0,0.0,0.7333,0.2667,0.0,0.0,1.0,1.0,0.0,0.0,0.0,0.0,0.0,1.0
1.0,0.0,0.0,0.0,1.0,0.0,0.0,0.0,1.0,0.0,0.0,0.0,0.0,0.0,0.0,1.0,0.0,0.0,1.0,0.0,0.7333,0.2667,0.0,0.0,1.0,1.0,0.0,0.0,0.0,0.0,0.0,1.0
1.0,0.0,0.0,0.0,1.0,0.0,0.0,0.0,1.0,0.0,0.0,0.0,0.6667,0.3333,0.0,0.0,0.0,0.3632,0.6368,0.0,0.0,1.0,0.0,0.9032,0.0968,0.0,0.5495,0.4505,0.5384,0.4616,0.0,0.0
1.0,0.0,0.0,0.0,1.0,0.0,0.0,0.0,1.0,0.0,0.0,0.0,0.0,1.0,0.0,0.0,0.0,0.3632,0.6368,0.0,0.0,1.0,0.0,0.9032,0.0968,0.0,0.5495,0.4505,0.1856,0.8144,0.0,0.0
1.0,0.0,0.0,0.0,1.0,0.0,0.0,0.0,1.0,0.0,0.0,0.0,0.0,0.0,0.0,1.0,0.0,0.3632,0.6368,0.0,0.0,1.0,0.0,0.9032,0.0968,0.0,0.5495,0.4505,0.0,0.8607,0.1393,0.0
1.0,0.0,0.0,0.0,1.0,0.0,0.0,0.0,1.0,0.0,0.0,0.0,0.0,1.0,0.0,0.0,0.0,0.6226,0.3774,0.0,0.0,1.0,0.0,0.9032,0.0968,0.0,0.1758,0.8242,0.46,0.54,0.0,0.0
1.0,0.0,0.0,0.0,1.0,0.0,0.0,0.0,1.0,0.0,0.0,0.0,0.0,1.0,0.0,0.0,0.0,0.0,1.0,0.0,1.0,0.0,0.0,0.0,1.0,0.9192,0.0808,0.0,0.0,0.2273,0.7727,0.0
1.0,0.0,0.0,0.0,1.0,0.0,0.0,0.0,1.0,0.0,0.0,0.0,1.0,0.0,0.0,0.0,0.0,0.0,1.0,0.0,0.5333,0.4667,0.8421,0.1579,0.0,1.0,0.0,0.0,0.2488,0.7512,0.0,0.0
1.0,0.0,0.0,0.0,1.0,0.0,0.0,0.0,1.0,0.0,0.0,0.0,1.0,0.0,0.0,0.0,0.0,0.0,1.0,1.0,0.0,0.0,1.0,0.0,0.0,0.0,0.0,1.0,0.0,0.0,0.3592,0.6408
1.0,0.0,0.0,0.0,1.0,0.0,0.0,0.0,1.0,0.0,0.0,0.0,0.0,1.0,0.0,0.0,0.0,0.0,1.0,1.0,0.0,0.0,1.0,0.0,0.0,0.0,0.0,1.0,0.0,0.0,0.0,1.0
0.0,1.0,0.0,0.0,0.0,1.0,0.0,0.0,0.0,0.25,0.75,0.0,0.0,1.0,0.0,0.0,0.0,0.9987,0.0013,0.0,0.0,1.0,1.0,0.0,0.0,1.0,0.0,0.0,0.0,0.3553,0.6447,0.0
0.0,0.0,0.0,1.0,0.0,0.0,0.0,1.0,0.0,0.0,0.0,1.0,0.0,1.0,0.0,0.0,1.0,0.0,0.0,0.3,0.7,0.0,1.0,0.0,0.0,0.7778,0.2222,0.0,0.0,0.5827,0.4173,0.0
0.0,0.0,0.758,0.242,0.0,0.4498,0.5502,0.0,0.0,0.0,0.625,0.375,0.0,1.0,0.0,0.0,1.0,0.0,0.0,0.0,0.0,1.0,1.0,0.0,0.0,1.0,0.0,0.0,0.88,0.12,0.0,0.0
0.0,0.7041,0.2959,0.0,0.0,1.0,0.0,0.0,0.0,0.25,0.75,0.0,0.0,1.0,0.0,0.0,1.0,0.0,0.0,0.0,0.0,1.0,1.0,0.0,0.0,0.0,0.0,1.0,0.6008,0.3992,0.0,0.0
0.0,0.0,0.0,1.0,0.0,0.0,0.0538,0.9462,0.0,0.0,0.0,1.0,0.0,1.0,0.0,0.0,1.0,0.0,0.0,0.85,0.15,0.0,0.6316,0.3684,0.0,1.0,0.0,0.0,0.0,0.41,0.59,0.0
0.0,0.0,0.7872,0.2128,0.0,0.4976,0.5024,0.0,0.0,0.0,0.0,1.0,0.0,1.0,0.0,0.0,0.0,0.5188,0.4812,0.85,0.15,0.0,1.0,0.0,0.0,1.0,0.0,0.0,0.0,0.5873,0.4127,0.0
1.0,0.0,0.0,0.0,0.0,0.0,0.0,1.0,0.0,0.0,0.0,1.0,0.0,1.0,0.0,0.0,1.0,0.0,0.0,1.0,0.0,0.0,0.6579,0.3421,0.0,0.0,0.0,1.0,0.9664,0.0336,0.0,0.0
0.0,0.0,0.8746,0.1254,1.0,0.0,0.0,0.0,0.0,1.0,0.0,0.0,0.0,1.0,0.0,0.0,0.0,0.5966,0.4034,0.0,0.0,1.0,1.0,0.0,0.0,1.0,0.0,0.0,0.0,0.6053,0.3947,0.0
1.0,0.0,0.0,0.0,1.0,0.0,0.0,0.0,0.0,1.0,0.0,0.0,0.0,1.0,0.0,0.0,0.0,0.0,1.0,0.0,0.6667,0.3333,0.0,0.2742,0.7258,1.0,0.0,0.0,0.0,0.23,0.77,0.0
0.0,0.0,0.6122,0.3878,0.0,0.2584,0.7416,0.0,0.0,0.0,0.0,1.0,0.0,1.0,0.0,0.0,1.0,0.0,0.0,0.5,0.5,0.0,0.3947,0.6053,0.0,1.0,0.0,0.0,0.0,0.988,0.012,0.0
0.0,0.0,0.0,1.0,1.0,0.0,0.0,0.0,0.0,1.0,0.0,0.0,0.0,1.0,0.0,0.0,1.0,0.0,0.0,0.0,0.0,1.0,0.0,0.4516,0.5484,1.0,0.0,0.0,0.0512,0.9488,0.0,0.0
0.0,0.0,0.7872,0.2128,1.0,0.0,0.0,0.0,0.0,0.0,0.625,0.375,0.0,1.0,0.0,0.0,0.0,0.5188,0.4812,0.85,0.15,0.0,1.0,0.0,0.0,0.0,0.4615,0.5385,0.0,0.0,0.776,0.224
1.0,0.0,0.0,0.0,0.0,1.0,0.0,0.0,0.0,0.0,0.625,0.375,0.0,1.0,0.0,0.0,0.0,0.5837,0.4163,0.0,0.2667,0.7333,0.2368,0.7632,0.0,1.0,0.0,0.0,0.0,0.8253,0.1747,0.0
1.0,0.0,0.0,0.0,0.0,0.0,0.0,1.0,0.0,0.0,0.0,1.0,0.0,1.0,0.0,0.0,1.0,0.0,0.0,0.9,0.1,0.0,0.0,0.629,0.371,0.1515,0.8485,0.0,0.9544,0.0456,0.0,0.0
0.0,0.0,0.0875,0.9125,0.0,0.0,0.5376,0.4624,0.0,0.0,0.0,1.0,0.0,1.0,0.0,0.0,1.0,0.0,0.0,0.55,0.45,0.0,1.0,0.0,0.0,0.0,0.8791,0.1209,0.0,0.0,0.8312,0.1688
0.0,0.0,0.9621,0.0379,0.0,0.689,0.311,0.0,0.0,1.0,0.0,0.0,0.0,1.0,0.0,0.0,0.0,0.6744,0.3256,0.0,0.0,1.0,1.0,0.0,0.0,1.0,0.0,0.0,0.0,0.0,0.1184,0.8816
0.0,0.0,0.1749,0.8251,1.0,0.0,0.0,0.0,0.0,1.0,0.0,0.0,0.0,1.0,0.0,0.0,0.0,0.3761,0.6239,0.0,0.6667,0.3333,1.0,0.0,0.0,0.1111,0.8889,0.0,0.0,0.0,0.0,1.0
0.0,0.0,0.0,1.0,1.0,0.0,0.0,0.0,0.0,1.0,0.0,0.0,0.0,1.0,0.0,0.0,0.0,0.0,1.0,0.0,0.6,0.4,1.0,0.0,0.0,0.4545,0.5455,0.0,0.0,0.0,0.0,1.0
0.0,0.2279,0.7721,0.0,0.0,1.0,0.0,0.0,0.0,0.25,0.75,0.0,0.0,1.0,0.0,0.0,0.0,0.9079,0.0921,0.65,0.35,0.0,1.0,0.0,0.0,0.0,0.4396,0.5604,0.0,0.0,0.1744,0.8256
0.0,1.0,0.0,0.0,0.0,1.0,0.0,0.0,0.0,0.875,0.125,0.0,0.0,1.0,0.0,0.0,0.2867,0.7133,0.0,0.0,0.4,0.6,1.0,0.0,0.0,0.0,0.0879,0.9121,0.0,0.6067,0.3933,0.0
1.0,0.0,0.0,0.0,0.0,0.0,0.0,1.0,0.0,0.0,0.0,1.0,0.0,1.0,0.0,0.0,1.0,0.0,0.0,0.15,0.85,0.0,0.0,0.1129,0.8871,1.0,0.0,0.0,0.7576,0.2424,0.0,0.0
0.0,0.0,0.0,1.0,1.0,0.0,0.0,0.0,0.0,0.0,0.0,1.0,0.0,1.0,0.0,0.0,1.0,0.0,0.0,0.25,0.75,0.0,0.0,0.129,0.871,1.0,0.0,0.0,0.0,0.3427,0.6573,0.0
0.0,0.0,0.0,1.0,0.0,0.0,0.0,1.0,0.0,0.0,0.0,1.0,0.0,1.0,0.0,0.0,1.0,0.0,0.0,0.0,0.0,1.0,1.0,0.0,0.0,1.0,0.0,0.0,0.0,0.644,0.356,0.0
1.0,0.0,0.0,0.0,0.0,0.689,0.311,0.0,0.0,1.0,0.0,0.0,0.0,1.0,0.0,0.0,0.0,0.6744,0.3256,0.0,0.9333,0.0667,1.0,0.0,0.0,0.0,0.2198,0.7802,0.0,0.0,0.9888,0.0112
1.0,0.0,0.0,0.0,0.0,0.0,0.7527,0.2473,0.0,1.0,0.0,0.0,0.0,1.0,0.0,0.0,0.0,0.415,0.585,0.0,0.0,1.0,1.0,0.0,0.0,0.8586,0.1414,0.0,0.0,0.1627,0.8373,0.0
0.0,0.5,0.5,0.0,0.0,1.0,0.0,0.0,0.0,0.25,0.75,0.0,0.0,1.0,0.0,0.0,0.0,0.8171,0.1829,0.0,0.8,0.2,1.0,0.0,0.0,1.0,0.0,0.0,0.0,0.0373,0.9627,0.0
0.0,0.0,0.1166,0.8834,1.0,0.0,0.0,0.0,0.0,0.25,0.75,0.0,0.0,1.0,0.0,0.0,0.0,0.3113,0.6887,0.55,0.45,0.0,1.0,0.0,0.0,0.0,0.7692,0.2308,0.0,0.0,0.0,1.0
1.0,0.0,0.0,0.0,0.0,0.0,0.0,1.0,0.0,0.0,0.0,1.0,0.0,1.0,0.0,0.0,0.0,0.0,1.0,0.0,0.4667,0.5333,1.0,0.0,0.0,0.0303,0.9697,0.0,0.0,0.1087,0.8913,0.0
0.0,0.0,0.0,1.0,0.0,0.0,0.0,1.0,0.0,1.0,0.0,0.0,0.0,1.0,0.0,0.0,1.0,0.0,0.0,0.3,0.7,0.0,1.0,0.0,0.0,0.8788,0.1212,0.0,0.0,0.6133,0.3867,0.0
0.0,0.0,0.6122,0.3878,1.0,0.0,0.0,0.0,0.0,0.875,0.125,0.0,0.0,1.0,0.0,0.0,0.0,0.3632,0.6368,0.0,0.9333,0.0667,0.4474,0.5526,0.0,1.0,0.0,0.0,0.0,0.0,0.2064,0.7936
1.0,0.0,0.0,0.0,0.0,0.0,0.0,1.0,0.0,0.0,0.0,1.0,0.0,1.0,0.0,0.0,1.0,0.0,0.0,0.2,0.8,0.0,1.0,0.0,0.0,0.0,0.0,1.0,0.9928,0.0072,0.0,0.0
1.0,0.0,0.0,0.0,0.0,0.4019,0.5981,0.0,0.0,0.0,0.625,0.375,0.0,1.0,0.0,0.0,0.0,0.4669,0.5331,0.75,0.25,0.0,1.0,0.0,0.0,0.0,0.9231,0.0769,0.0,0.2693,0.7307,0.0
1.0,0.0,0.0,0.0,0.0,0.0,0.6452,0.3548,0.0,0.0,0.0,1.0,0.0,1.0,0.0,0.0,0.0,0.3761,0.6239,0.15,0.85,0.0,1.0,0.0,0.0,0.0,0.989,0.011,0.0,0.3493,0.6507,0.0
0.0,0.0,0.1749,0.8251,0.0,0.0,0.6452,0.3548,0.0,1.0,0.0,0.0,0.0,1.0,0.0,0.0,1.0,0.0,0.0,0.0,0.0,1.0,1.0,0.0,0.0,1.0,0.0,0.0,0.0,0.4847,0.5153,0.0
0.0,0.5,0.5,0.0,1.0,0.0,0.0,0.0,0.0,1.0,0.0,0.0,0.0,1.0,0.0,0.0,0.0,0.8042,0.1958,0.4,0.6,0.0,1.0,0.0,0.0,0.0,0.0,1.0,0.0,0.0247,0.9753,0.0
1.0,0.0,0.0,0.0,0.0,0.689,0.311,0.0,0.0,0.0,0.0,1.0,0.0,1.0,0.0,0.0,0.0,0.6744,0.3256,0.0,0.0,1.0,1.0,0.0,0.0,0.7172,0.2828,0.0,0.0,0.7087,0.2913,0.0
0.0,0.8401,0.1599,0.0,0.0,1.0,0.0,0.0,0.0,1.0,0.0,0.0,0.0,1.0,0.0,0.0,0.1084,0.8916,0.0,0.0,0.3333,0.6667,1.0,0.0,0.0,0.0,0.7692,0.2308,0.0,0.064,0.936,0.0
0.0,0.0,0.0,1.0,1.0,0.0,0.0,0.0,0.0,0.0,0.0,1.0,0.0,1.0,0.0,0.0,1.0,0.0,0.0,0.85,0.15,0.0,0.0,0.0,1.0,1.0,0.0,0.0,0.0,0.2033,0.7967,0.0
0.0,0.0,0.0,1.0,1.0,0.0,0.0,0.0,0.0,0.0,0.0,1.0,0.0,1.0,0.0,0.0,1.0,0.0,0.0,0.1,0.9,0.0,1.0,0.0,0.0,0.0,0.0,1.0,0.0,0.306,0.694,0.0
0.0,0.6701,0.3299,0.0,0.0,1.0,0.0,0.0,0.0,0.25,0.75,0.0,0.0,1.0,0.0,0.0,0.0,0.9598,0.0402,0.25,0.75,0.0,1.0,0.0,0.0,0.2323,0.7677,0.0,0.0,0.0,0.8576,0.1424
1.0,0.0,0.0,0.0,0.0,0.2584,0.7416,0.0,0.0,0.0,0.625,0.375,0.0,1.0,0.0,0.0,0.0,0.3632,0.6368,0.0,0.2667,0.7333,1.0,0.0,0.0,0.0,0.2637,0.7363,0.0,0.7547,0.2453,0.0
0.0,0.0,0.9038,0.0962,0.0,0.5933,0.4067,0.0,0.0,1.0,0.0,0.0,0.0,1.0,0.0,0.0,1.0,0.0,0.0,0.0,0.4667,0.5333,1.0,0.0,0.0,0.0,0.989,0.011,0.3048,0.6952,0.0,0.0
0.0,0.0,0.0,1.0,1.0,0.0,0.0,0.0,0.0,0.0,0.0,1.0,0.0,1.0,0.0,0.0,1.0,0.0,0.0,0.45,0.55,0.0,0.0,0.6452,0.3548,0.0,0.7912,0.2088,0.0,0.6493,0.3507,0.0
0.0,1.0,0.0,0.0,0.0,1.0,0.0,0.0,0.0,0.25,0.75,0.0,0.0,1.0,0.0,0.0,0.1632,0.8368,0.0,0.0,0.0,1.0,1.0,0.0,0.0,0.3737,0.6263,0.0,0.0,0.6733,0.3267,0.0
0.0,1.0,0.0,0.0,0.0,1.0,0.0,0.0,0.0,1.0,0.0,0.0,0.0,1.0,0.0,0.0,0.4925,0.5075,0.0,0.0,0.0,1.0,1.0,0.0,0.0,1.0,0.0,0.0,0.0,0.9247,0.0753,0.0
1.0,0.0,0.0,0.0,0.0,0.4019,0.5981,0.0,0.0,0.875,0.125,0.0,0.0,1.0,0.0,0.0,0.0,0.4799,0.5201,0.35,0.65,0.0,0.0,0.4516,0.5484,1.0,0.0,0.0,0.0,0.38,0.62,0.0
0.0,0.0,0.0,1.0,1.0,0.0,0.0,0.0,0.0,0.25,0.75,0.0,0.0,1.0,0.0,0.0,1.0,0.0,0.0,0.0,0.4667,0.5333,0.0,0.0,1.0,1.0,0.0,0.0,0.7376,0.2624,0.0,0.0
0.0,0.0,0.0,1.0,1.0,0.0,0.0,0.0,0.0,1.0,0.0,0.0,0.0,1.0,0.0,0.0,1.0,0.0,0.0,0.0,0.0,1.0,1.0,0.0,0.0,0.0,0.0,1.0,0.0,0.6293,0.3707,0.0
1.0,0.0,0.0,0.0,0.0,0.689,0.311,0.0,0.0,0.0,0.0,1.0,0.0,1.0,0.0,0.0,0.0,0.7004,0.2996,0.0,0.0,1.0,1.0,0.0,0.0,0.0303,0.9697,0.0,0.0,0.7387,0.2613,0.0
0.0,0.0,0.0,1.0,1.0,0.0,0.0,0.0,0.0,1.0,0.0,0.0,0.0,1.0,0.0,0.0,1.0,0.0,0.0,0.0,0.2667,0.7333,0.5,0.5,0.0,0.0,0.6593,0.3407,0.0,0.7647,0.2353,0.0
0.0,0.0,0.7289,0.2711,1.0,0.0,0.0,0.0,0.0,0.875,0.125,0.0,0.0,1.0,0.0,0.0,0.0,0.4799,0.5201,0.35,0.65,0.0,1.0,0.0,0.0,0.0,0.022,0.978,0.0,0.0,0.8488,0.1512
1.0,0.0,0.0,0.0,0.0,0.4498,0.5502,0.0,0.0,0.875,0.125,0.0,0.0,1.0,0.0,0.0,1.0,0.0,0.0,0.05,0.95,0.0,0.0,0.6129,0.3871,0.0,0.1978,0.8022,1.0,0.0,0.0,0.0
0.0,0.0,0.7289,0.2711,0.0,0.4019,0.5981,0.0,0.0,0.875,0.125,0.0,0.0,1.0,0.0,0.0,1.0,0.0,0.0,0.35,0.65,0.0,0.0,0.4516,0.5484,1.0,0.0,0.0,0.1552,0.8448,0.0,0.0
0.0,0.0918,0.9082,0.0,0.0,0.8804,0.1196,0.0,0.0,1.0,0.0,0.0,0.0,1.0,0.0,0.0,1.0,0.0,0.0,0.0,0.0,1.0,1.0,0.0,0.0,0.5354,0.4646,0.0,0.0,0.404,0.596,0.0
0.0,0.0,0.0,1.0,1.0,0.0,0.0,0.0,0.0,0.0,0.0,1.0,0.0,1.0,0.0,0.0,1.0,0.0,0.0,0.45,0.55,0.0,1.0,0.0,0.0,0.0,0.0,1.0,0.0,0.636,0.364,0.0
1.0,0.0,0.0,0.0,0.0,0.067,0.933,0.0,0.0,0.0,0.625,0.375,0.0,1.0,0.0,0.0,0.0,0.6485,0.3515,0.0,0.0,1.0,1.0,0.0,0.0,1.0,0.0,0.0,0.2928,0.7072,0.0,0.0
0.0,0.0,0.7289,0.2711,0.0,0.4019,0.5981,0.0,0.0,0.875,0.125,0.0,0.0,1.0,0.0,0.0,1.0,0.0,0.0,0.35,0.65,0.0,1.0,0.0,0.0,0.0,0.022,0.978,0.1016,0.8984,0.0,0.0
1.0,0.0,0.0,0.0,0.0,0.0,0.1613,0.8387,0.0,0.0,0.0,1.0,0.0,1.0,0.0,0.0,1.0,0.0,0.0,1.0,0.0,0.0,0.0,0.4516,0.5484,0.0,0.0,1.0,0.764,0.236,0.0,0.0
1.0,0.0,0.0,0.0,0.0,0.0,0.1075,0.8925,0.0,0.0,0.0,1.0,0.0,1.0,0.0,0.0,0.0,0.3113,0.6887,0.0,0.0667,0.9333,1.0,0.0,0.0,0.0,0.7253,0.2747,0.0,0.1213,0.8787,0.0
0.0,0.0,0.7289,0.2711,1.0,0.0,0.0,0.0,0.0,0.875,0.125,0.0,0.0,1.0,0.0,0.0,1.0,0.0,0.0,0.35,0.65,0.0,0.0,0.4839,0.5161,0.0,0.0659,0.9341,0.6792,0.3208,0.0,0.0
0.0,0.8401,0.1599,0.0,0.0,1.0,0.0,0.0,0.0,1.0,0.0,0.0,0.0,1.0,0.0,0.0,0.1495,0.8505,0.0,0.0,0.3333,0.6667,1.0,0.0,0.0,0.9394,0.0606,0.0,0.0,0.5853,0.4147,0.0
1.0,0.0,0.0,0.0,0.0,0.0,0.0,1.0,0.0,0.0,0.0,1.0,0.0,1.0,0.0,0.0,1.0,0.0,0.0,0.0,0.0,1.0,1.0,0.0,0.0,1.0,0.0,0.0,1.0,0.0,0.0,0.0
1.0,0.0,0.0,0.0,0.0,0.0,0.0,1.0,0.0,0.0,0.0,1.0,0.0,1.0,0.0,0.0,1.0,0.0,0.0,0.9,0.1,0.0,0.0,0.0,1.0,1.0,0.0,0.0,1.0,0.0,0.0,0.0
1.0,0.0,0.0,0.0,0.0,1.0,0.0,0.0,0.0,0.0,0.0,1.0,0.0,1.0,0.0,0.0,0.0,0.9987,0.0013,0.0,0.0667,0.9333,0.9737,0.0263,0.0,0.3535,0.6465,0.0,0.0,0.684,0.316,0.0
0.0,0.602,0.398,0.0,0.0,1.0,0.0,0.0,0.0,1.0,0.0,0.0,0.0,1.0,0.0,0.0,1.0,0.0,0.0,0.1,0.9,0.0,0.3947,0.6053,0.0,0.0,0.989,0.011,0.3184,0.6816,0.0,0.0
0.0,0.0,0.0292,0.9708,0.0,0.0,0.0,1.0,0.0,0.875,0.125,0.0,0.0,1.0,0.0,0.0,1.0,0.0,0.0,0.0,0.6,0.4,0.0263,0.9737,0.0,1.0,0.0,0.0,0.0,0.852,0.148,0.0
0.0,1.0,0.0,0.0,0.0,1.0,0.0,0.0,0.0,0.0,0.625,0.375,0.0,1.0,0.0,0.0,0.177,0.823,0.0,0.7,0.3,0.0,0.8421,0.1579,0.0,0.3333,0.6667,0.0,0.0,0.0,0.4184,0.5816
0.0,0.0,0.2624,0.7376,1.0,0.0,0.0,0.0,0.0,0.0,0.625,0.375,0.0,1.0,0.0,0.0,0.0,0.4799,0.5201,0.35,0.65,0.0,1.0,0.0,0.0,0.4141,0.5859,0.0,0.0,0.0,0.2048,0.7952
0.0,0.534,0.466,0.0,1.0,0.0,0.0,0.0,0.0,1.0,0.0,0.0,0.0,1.0,0.0,0.0,0.0,0.856,0.144,0.85,0.15,0.0,0.0,0.9677,0.0323,0.0,0.6813,0.3187,0.0,0.1047,0.8953,0.0
1.0,0.0,0.0,0.0,1.0,0.0,0.0,0.0,0.0,1.0,0.0,0.0,0.0,1.0,0.0,0.0,0.0,0.1816,0.8184,0.15,0.85,0.0,0.0,0.7097,0.2903,0.0,0.1758,0.8242,0.0,0.0,0.8112,0.1888
1.0,0.0,0.0,0.0,0.0,0.0,0.3226,0.6774,0.0,0.0,0.0,1.0,0.0,1.0,0.0,0.0,1.0,0.0,0.0,0.2,0.8,0.0,0.0,0.8226,0.1774,0.0,0.2857,0.7143,1.0,0.0,0.0,0.0
0.0,0.0,0.0,1.0,1.0,0.0,0.0,0.0,0.0,0.0,0.0,1.0,0.0,1.0,0.0,0.0,1.0,0.0,0.0,0.55,0.45,0.0,0.0,0.0,1.0,1.0,0.0,0.0,0.0,0.338,0.662,0.0
0.0,0.0,0.0,1.0,0.0,0.0,0.3763,0.6237,0.0,0.875,0.125,0.0,0.0,1.0,0.0,0.0,1.0,0.0,0.0,0.0,0.5333,0.4667,1.0,0.0,0.0,0.0,0.4396,0.5604,0.0,0.842,0.158,0.0
0.0,0.0,0.0,1.0,1.0,0.0,0.0,0.0,0.0,0.875,0.125,0.0,0.0,1.0,0.0,0.0,0.0,0.2464,0.7536,0.0,0.3333,0.6667,1.0,0.0,0.0,0.0,0.5055,0.4945,0.0,0.0,0.0,1.0
1.0,0.0,0.0,0.0,0.0,0.0,0.0,1.0,0.0,0.25,0.75,0.0,0.0,1.0,0.0,0.0,1.0,0.0,0.0,0.0,0.4667,0.5333,0.0,0.0,1.0,1.0,0.0,0.0,1.0,0.0,0.0,0.0
0.0,0.0,0.0,1.0,1.0,0.0,0.0,0.0,0.0,0.25,0.75,0.0,0.0,1.0,0.0,0.0,1.0,0.0,0.0,0.0,0.4667,0.5333,1.0,0.0,0.0,0.0,0.0,1.0,0.2968,0.7032,0.0,0.0
1.0,0.0,0.0,0.0,0.0,0.0,0.0,1.0,0.0,0.0,0.625,0.375,0.0,1.0,0.0,0.0,1.0,0.0,0.0,0.25,0.75,0.0,0.1842,0.8158,0.0,0.0,0.4396,0.5604,1.0,0.0,0.0,0.0
0.0,0.8061,0.1939,0.0,0.0,1.0,0.0,0.0,0.0,0.0,0.625,0.375,0.0,1.0,0.0,0.0,0.0947,0.9053,0.0,0.35,0.65,0.0,1.0,0.0,0.0,0.697,0.303,0.0,0.0,0.2053,0.7947,0.0
0.0,0.0,0.7289,0.2711,0.0,0.4019,0.5981,0.0,0.0,0.875,0.125,0.0,0.0,1.0,0.0,0.0,0.0,0.4669,0.5331,0.3,0.7,0.0,1.0,0.0,0.0,1.0,0.0,0.0,0.0,0.0,0.7016,0.2984
0.0,0.0,0.7289,0.2711,1.0,0.0,0.0,0.0,0.0,0.875,0.125,0.0,0.0,1.0,0.0,0.0,0.0,0.4799,0.5201,1.0,0.0,0.0,0.0,0.4839,0.5161,0.0,0.0659,0.9341,0.0,0.0,0.8384,0.1616
0.0,0.0,0.0,1.0,1.0,0.0,0.0,0.0,0.0,1.0,0.0,0.0,0.0,1.0,0.0,0.0,1.0,0.0,0.0,0.15,0.85,0.0,0.0,0.7097,0.2903,0.0,0.1758,0.8242,0.3008,0.6992,0.0,0.0
0.0,0.0,0.9913,0.0087,0.0,0.7368,0.2632,0.0,0.0,1.0,0.0,0.0,0.0,1.0,0.0,0.0,1.0,0.0,0.0,0.35,0.65,0.0,0.7105,0.2895,0.0,0.1111,0.8889,0.0,0.1088,0.8912,0.0,0.0
1.0,0.0,0.0,0.0,0.0,0.0,0.0,1.0,0.0,0.0,0.0,1.0,0.0,1.0,0.0,0.0,1.0,0.0,0.0,0.2,0.8,0.0,1.0,0.0,0.0,0.0,0.0,1.0,0.9584,0.0416,0.0,0.0
0.0,0.6361,0.3639,0.0,0.0,1.0,0.0,0.0,0.0,1.0,0.0,0.0,0.0,1.0,0.0,0.0,0.0,0.9468,0.0532,0.0,0.6,0.4,0.5789,0.4211,0.0,1.0,0.0,0.0,0.0,0.0,0.9144,0.0856
1.0,0.0,0.0,0.0,0.0,0.689,0.311,0.0,0.0,0.0,0.0,1.0,0.0,1.0,0.0,0.0,0.0,0.6744,0.3256,1.0,0.0,0.0,0.3947,0.6053,0.0,0.0,0.9011,0.0989,0.0,0.4427,0.5573,0.0
0.0,0.0,0.7289,0.2711,1.0,0.0,0.0,0.0,0.0,0.875,0.125,0.0,0.0,1.0,0.0,0.0,0.0,0.4799,0.5201,0.35,0.65,0.0,0.0,0.4516,0.5484,1.0,0.0,0.0,0.0,0.0967,0.9033,0.0
0.0,0.0,0.0,1.0,0.0,0.0,0.0,1.0,0.0,0.25,0.75,0.0,0.0,1.0,0.0,0.0,1.0,0.0,0.0,0.0,0.4,0.6,1.0,0.0,0.0,1.0,0.0,0.0,0.0,0.9007,0.0993,0.0
0.0,0.0578,0.9422,0.0,1.0,0.0,0.0,0.0,0.0,1.0,0.0,0.0,0.0,1.0,0.0,0.0,0.0,0.7912,0.2088,0.0,0.3333,0.6667,1.0,0.0,0.0,0.3939,0.6061,0.0,0.0,0.0,0.7008,0.2992
0.0,0.0,0.0,1.0,1.0,0.0,0.0,0.0,0.0,1.0,0.0,0.0,0.0,1.0,0.0,0.0,1.0,0.0,0.0,0.7,0.3,0.0,0.0,0.4839,0.5161,0.0,0.0,1.0,0.0464,0.9536,0.0,0.0
1.0,0.0,0.0,0.0,0.0,0.0,0.0,1.0,0.0,0.875,0.125,0.0,0.0,1.0,0.0,0.0,1.0,0.0,0.0,0.0,0.0,1.0,1.0,0.0,0.0,0.0,0.0,1.0,1.0,0.0,0.0,0.0
1.0,0.0,0.0,0.0,1.0,0.0,0.0,0.0,0.0,0.875,0.125,0.0,0.0,1.0,0.0,0.0,0.0,0.4799,0.5201,0.35,0.65,0.0,0.0,0.4839,0.5161,0.0,0.0659,0.9341,0.192,0.808,0.0,0.0
0.0,0.0,0.2332,0.7668,0.0,0.0,0.7527,0.2473,0.0,0.0,0.625,0.375,0.0,1.0,0.0,0.0,1.0,0.0,0.0,0.65,0.35,0.0,1.0,0.0,0.0,0.3131,0.6869,0.0,0.0,0.8953,0.1047,0.0
1.0,0.0,0.0,0.0,0.0,0.0,0.0,1.0,0.0,0.25,0.75,0.0,0.0,1.0,0.0,0.0,1.0,0.0,0.0,0.0,0.4667,0.5333,1.0,0.0,0.0,0.0,0.0,1.0,1.0,0.0,0.0,0.0
0.0,1.0,0.0,0.0,0.0,1.0,0.0,0.0,0.0,1.0,0.0,0.0,0.0,1.0,0.0,0.0,0.2455,0.7545,0.0,0.0,0.7333,0.2667,1.0,0.0,0.0,0.6162,0.3838,0.0,0.0,0.58,0.42,0.0
0.0,0.0,0.0,1.0,0.0,0.0,0.0,1.0,0.0,0.0,0.625,0.375,0.0,1.0,0.0,0.0,1.0,0.0,0.0,0.0,0.0,1.0,1.0,0.0,0.0,1.0,0.0,0.0,0.0,0.1773,0.8227,0.0
0.0,0.0,0.0,1.0,0.0,1.0,0.0,0.0,0.0,1.0,0.0,0.0,0.0,1.0,0.0,0.0,1.0,0.0,0.0,0.0,0.0667,0.9333,1.0,0.0,0.0,0.0,0.9231,0.0769,0.0424,0.9576,0.0,0.0
0.0,0.0,0.2041,0.7959,0.0,0.0,0.6452,0.3548,0.0,0.875,0.125,0.0,0.0,1.0,0.0,0.0,1.0,0.0,0.0,0.0,0.2,0.8,0.1842,0.8158,0.0,1.0,0.0,0.0,0.0216,0.9784,0.0,0.0
0.0,0.0,0.0,1.0,0.0,0.0,0.0,1.0,0.0,0.0,0.625,0.375,0.0,1.0,0.0,0.0,1.0,0.0,0.0,0.0,0.0,1.0,1.0,0.0,0.0,1.0,0.0,0.0,0.0,0.79,0.21,0.0
0.0,0.0,0.0,1.0,0.0,0.0,0.0,1.0,0.0,0.25,0.75,0.0,0.0,1.0,0.0,0.0,1.0,0.0,0.0,0.0,0.0,1.0,1.0,0.0,0.0,1.0,0.0,0.0,0.0,0.63,0.37,0.0
0.0,0.0,0.4956,0.5044,0.0,0.0,0.0,1.0,0.0,0.875,0.125,0.0,0.0,1.0,0.0,0.0,1.0,0.0,0.0,0.0,0.5333,0.4667,0.8684,0.1316,0.0,1.0,0.0,0.0,0.2336,0.7664,0.0,0.0
0.0,1.0,0.0,0.0,0.0,0.0,0.0,1.0,0.0,1.0,0.0,0.0,0.0,1.0,0.0,0.0,1.0,0.0,0.0,0.0,0.2667,0.7333,0.0789,0.9211,0.0,1.0,0.0,0.0,0.4472,0.5528,0.0,0.0
0.0,0.0,0.0,1.0,0.0,0.0,0.0,1.0,0.0,1.0,0.0,0.0,0.0,1.0,0.0,0.0,1.0,0.0,0.0,0.0,0.0,1.0,1.0,0.0,0.0,1.0,0.0,0.0,0.0,0.7747,0.2253,0.0
0.0,1.0,0.0,0.0,0.0,0.0,0.0,1.0,0.0,1.0,0.0,0.0,0.0,1.0,0.0,0.0,1.0,0.0,0.0,0.45,0.55,0.0,0.0,0.1452,0.8548,1.0,0.0,0.0,0.9728,0.0272,0.0,0.0
0.0,0.0,0.0,1.0,0.0,0.0,0.0,1.0,0.0,1.0,0.0,0.0,0.0,1.0,0.0,0.0,1.0,0.0,0.0,0.0,0.0,1.0,1.0,0.0,0.0,1.0,0.0,0.0,0.2528,0.7472,0.0,0.0
0.0,0.0,0.0,1.0,0.0,0.0,0.0,1.0,0.0,1.0,0.0,0.0,0.0,1.0,0.0,0.0,1.0,0.0,0.0,0.0,1.0,0.0,1.0,0.0,0.0,1.0,0.0,0.0,0.2888,0.7112,0.0,0.0
0.0,1.0,0.0,0.0,0.0,0.0,0.0,1.0,0.0,1.0,0.0,0.0,0.0,1.0,0.0,0.0,1.0,0.0,0.0,0.0,0.0,1.0,1.0,0.0,0.0,1.0,0.0,0.0,0.3656,0.6344,0.0,0.0
0.0,0.0,0.0,1.0,0.0,0.0,0.0,1.0,0.0,1.0,0.0,0.0,0.0,1.0,0.0,0.0,1.0,0.0,0.0,0.0,0.0,1.0,1.0,0.0,0.0,1.0,0.0,0.0,0.0,0.8727,0.1273,0.0
0.0,1.0,0.0,0.0,0.0,1.0,0.0,0.0,0.0,1.0,0.0,0.0,0.0,1.0,0.0,0.0,0.4938,0.5062,0.0,0.0,0.0,1.0,1.0,0.0,0.0,1.0,0.0,0.0,0.0,0.9247,0.0753,0.0
1.0,0.0,0.0,0.0,0.0,0.4019,0.5981,0.0,0.0,0.875,0.125,0.0,0.0,1.0,0.0,0.0,0.0,0.476,0.524,0.325,0.675,0.0,0.0,0.4532,0.5468,1.0,0.0,0.0,0.0,0.38,0.62,0.0
0.0,0.0,0.0,1.0,1.0,0.0,0.0,0.0,0.0,0.1875,0.8125,0.0,0.0,1.0,0.0,0.0,1.0,0.0,0.0,0.0,0.4467,0.5533,0.0,0.0,1.0,1.0,0.0,0.0,0.7368,0.2632,0.0,0.0
0.0,0.0,0.0,1.0,1.0,0.0,0.0,0.0,0.0,1.0,0.0,0.0,0.0,1.0,0.0,0.0,1.0,0.0,0.0,0.0,0.0,1.0,1.0,0.0,0.0,0.0,0.0,1.0,0.0,0.652,0.348,0.0
1.0,0.0,0.0,0.0,0.0,0.7033,0.2967,0.0,0.0,0.0,0.3125,0.6875,0.0,1.0,0.0,0.0,0.0,0.7004,0.2996,0.0,0.0,1.0,1.0,0.0,0.0,0.0222,0.9778,0.0,0.0,0.7387,0.2613,0.0
0.0,0.0,0.0,1.0,1.0,0.0,0.0,0.0,0.0,1.0,0.0,0.0,0.0,1.0,0.0,0.0,1.0,0.0,0.0,0.0,0.2867,0.7133,0.4895,0.5105,0.0,0.0,0.6527,0.3473,0.0,0.904,0.096,0.0
0.0,0.0,0.7289,0.2711,1.0,0.0,0.0,0.0,0.0,0.875,0.125,0.0,0.0,1.0,0.0,0.0,0.0,0.476,0.524,0.325,0.675,0.0,1.0,0.0,0.0,0.0,0.022,0.978,0.0,0.1047,0.8953,0.0
1.0,0.0,0.0,0.0,0.0,0.4545,0.5455,0.0,0.0,0.9375,0.0625,0.0,0.0,1.0,0.0,0.0,1.0,0.0,0.0,0.03,0.97,0.0,0.0,0.6129,0.3871,0.0,0.2,0.8,1.0,0.0,0.0,0.0
0.0,0.0,0.7289,0.2711,0.0,0.4019,0.5981,0.0,0.0,0.875,0.125,0.0,0.0,1.0,0.0,0.0,1.0,0.0,0.0,0.325,0.675,0.0,0.0,0.4532,0.5468,1.0,0.0,0.0,0.1552,0.8448,0.0,0.0
0.0,0.1054,0.8946,0.0,0.0,0.866,0.134,0.0,0.0,1.0,0.0,0.0,0.0,1.0,0.0,0.0,1.0,0.0,0.0,0.0,0.0,1.0,1.0,0.0,0.0,0.5273,0.4727,0.0,0.0,0.404,0.596,0.0
0.0,0.0,0.0,1.0,1.0,0.0,0.0,0.0,0.0,0.0,0.0,1.0,0.0,1.0,0.0,0.0,1.0,0.0,0.0,0.46,0.54,0.0,1.0,0.0,0.0,0.0,0.0,1.0,0.0,0.636,0.364,0.0
1.0,0.0,0.0,0.0,0.0,0.0766,0.9234,0.0,0.0,0.0,0.6875,0.3125,0.0,1.0,0.0,0.0,0.0,0.6511,0.3489,0.0,0.0,1.0,1.0,0.0,0.0,1.0,0.0,0.0,0.2928,0.7072,0.0,0.0
0.0,0.0,0.7289,0.2711,0.0,0.4019,0.5981,0.0,0.0,0.875,0.125,0.0,0.0,1.0,0.0,0.0,1.0,0.0,0.0,0.325,0.675,0.0,1.0,0.0,0.0,0.0,0.022,0.978,0.1016,0.8984,0.0,0.0
1.0,0.0,0.0,0.0,0.0,0.0,0.1828,0.8172,0.0,0.0,0.0,1.0,0.0,1.0,0.0,0.0,1.0,0.0,0.0,1.0,0.0,0.0,0.0,0.4548,0.5452,0.0,0.0,1.0,0.7632,0.2368,0.0,0.0
1.0,0.0,0.0,0.0,0.0,0.0,0.1129,0.8871,0.0,0.0,0.125,0.875,0.0,1.0,0.0,0.0,0.0,0.3048,0.6952,0.0,0.0667,0.9333,1.0,0.0,0.0,0.0,0.7143,0.2857,0.0,0.258,0.742,0.0
0.0,0.0,0.7376,0.2624,1.0,0.0,0.0,0.0,0.0,0.875,0.125,0.0,0.0,1.0,0.0,0.0,1.0,0.0,0.0,0.345,0.655,0.0,0.0,0.4887,0.5113,0.0,0.0615,0.9385,0.6792,0.3208,0.0,0.0
0.0,0.8571,0.1429,0.0,0.0,1.0,0.0,0.0,0.0,1.0,0.0,0.0,0.0,1.0,0.0,0.0,0.1509,0.8491,0.0,0.0,0.3067,0.6933,1.0,0.0,0.0,0.9475,0.0525,0.0,0.0,0.5853,0.4147,0.0
1.0,0.0,0.0,0.0,0.0,0.0,0.0,1.0,0.0,0.0,0.0,1.0,0.0,1.0,0.0,0.0,1.0,0.0,0.0,0.0,0.0,1.0,1.0,0.0,0.0,1.0,0.0,0.0,1.0,0.0,0.0,0.0
1.0,0.0,0.0,0.0,0.0,0.0,0.0,1.0,0.0,0.0,0.0,1.0,0.0,1.0,0.0,0.0,1.0,0.0,0.0,0.915,0.085,0.0,0.0,0.0,1.0,1.0,0.0,0.0,1.0,0.0,0.0,0.0
1.0,0.0,0.0,0.0,0.0,1.0,0.0,0.0,0.0,0.0,0.25,0.75,0.0,1.0,0.0,0.0,0.0041,0.9959,0.0,0.0,0.0867,0.9133,0.9658,0.0342,0.0,0.3495,0.6505,0.0,0.0,0.6833,0.3167,0.0
0.0,0.6156,0.3844,0.0,0.0,1.0,0.0,0.0,0.0,1.0,0.0,0.0,0.0,1.0,0.0,0.0,1.0,0.0,0.0,0.105,0.895,0.0,0.3842,0.6158,0.0,0.0,0.9824,0.0176,0.3184,0.6816,0.0,0.0
0.0,0.0,0.0175,0.9825,0.0,0.0,0.0,1.0,0.0,0.625,0.375,0.0,0.0,1.0,0.0,0.0,1.0,0.0,0.0,0.0,0.62,0.38,0.0158,0.9842,0.0,1.0,0.0,0.0,0.0,0.8513,0.1487,0.0
0.0,1.0,0.0,0.0,0.0,1.0,0.0,0.0,0.0,0.0,0.375,0.625,0.0,1.0,0.0,0.0,0.1783,0.8217,0.0,0.72,0.28,0.0,0.85,0.15,0.0,0.3354,0.6646,0.0,0.0,0.0,0.4184,0.5816
0.0,0.0,0.277,0.723,1.0,0.0,0.0,0.0,0.0,0.0,0.875,0.125,0.0,1.0,0.0,0.0,0.0,0.4812,0.5188,0.37,0.63,0.0,1.0,0.0,0.0,0.404,0.596,0.0,0.0,0.0,0.204,0.796
0.0,0.5442,0.4558,0.0,1.0,0.0,0.0,0.0,0.0,1.0,0.0,0.0,0.0,1.0,0.0,0.0,0.0,0.856,0.144,0.835,0.165,0.0,0.0,0.9613,0.0387,0.0,0.6769,0.3231,0.0,0.1047,0.8953,0.0
1.0,0.0,0.0,0.0,1.0,0.0,0.0,0.0,0.0,1.0,0.0,0.0,0.0,1.0,0.0,0.0,0.0,0.1751,0.8249,0.155,0.845,0.0,0.0,0.7129,0.2871,0.0,0.1802,0.8198,0.0,0.0,0.8104,0.1896
1.0,0.0,0.0,0.0,0.0,0.0,0.3441,0.6559,0.0,0.0,0.0,1.0,0.0,1.0,0.0,0.0,1.0,0.0,0.0,0.21,0.79,0.0,0.0,0.8145,0.1855,0.0,0.2967,0.7033,1.0,0.0,0.0,0.0
0.0,0.0,0.0,1.0,1.0,0.0,0.0,0.0,0.0,0.0,0.0,1.0,0.0,1.0,0.0,0.0,1.0,0.0,0.0,0.56,0.44,0.0,0.0,0.0,1.0,1.0,0.0,0.0,0.0,0.338,0.662,0.0
0.0,0.0,0.0,1.0,0.0,0.0,0.3978,0.6022,0.0,0.5625,0.4375,0.0,0.0,1.0,0.0,0.0,1.0,0.0,0.0,0.0,0.56,0.44,1.0,0.0,0.0,0.0,0.433,0.567,0.0,0.842,0.158,0.0
0.0,0.0,0.0117,0.9883,1.0,0.0,0.0,0.0,0.0,0.8125,0.1875,0.0,0.0,1.0,0.0,0.0,0.0,0.2529,0.7471,0.0,0.34,0.66,1.0,0.0,0.0,0.0,0.4989,0.5011,0.0,0.0,0.0,1.0
1.0,0.0,0.0,0.0,0.0,0.0,0.0,1.0,0.0,0.1875,0.8125,0.0,0.0,1.0,0.0,0.0,1.0,0.0,0.0,0.0,0.4467,0.5533,0.0,0.0,1.0,1.0,0.0,0.0,1.0,0.0,0.0,0.0
0.0,0.0,0.0,1.0,1.0,0.0,0.0,0.0,0.0,0.1875,0.8125,0.0,0.0,1.0,0.0,0.0,1.0,0.0,0.0,0.0,0.4467,0.5533,1.0,0.0,0.0,0.0,0.0,1.0,0.2968,0.7032,0.0,0.0
1.0,0.0,0.0,0.0,0.0,0.0,0.0,1.0,0.0,0.0,0.625,0.375,0.0,1.0,0.0,0.0,1.0,0.0,0.0,0.24,0.76,0.0,0.1842,0.8158,0.0,0.0,0.4418,0.5582,1.0,0.0,0.0,0.0
0.0,0.7959,0.2041,0.0,0.0,1.0,0.0,0.0,0.0,0.0,0.375,0.625,0.0,1.0,0.0,0.0,0.0919,0.9081,0.0,0.355,0.645,0.0,1.0,0.0,0.0,0.7071,0.2929,0.0,0.0,0.2053,0.7947,0.0
0.0,0.0,0.7201,0.2799,0.0,0.3923,0.6077,0.0,0.0,0.875,0.125,0.0,0.0,1.0,0.0,0.0,0.0,0.4669,0.5331,0.305,0.695,0.0,1.0,0.0,0.0,1.0,0.0,0.0,0.0,0.0,0.7016,0.2984
0.0,0.0,0.7376,0.2624,1.0,0.0,0.0,0.0,0.0,0.875,0.125,0.0,0.0,1.0,0.0,0.0,0.0,0.4838,0.5162,1.0,0.0,0.0,0.0,0.4887,0.5113,0.0,0.0615,0.9385,0.0,0.0,0.8384,0.1616
0.0,0.0,0.0,1.0,1.0,0.0,0.0,0.0,0.0,1.0,0.0,0.0,0.0,1.0,0.0,0.0,1.0,0.0,0.0,0.155,0.845,0.0,0.0,0.7129,0.2871,0.0,0.1802,0.8198,0.3008,0.6992,0.0,0.0
0.0,0.0,0.9825,0.0175,0.0,0.7273,0.2727,0.0,0.0,1.0,0.0,0.0,0.0,1.0,0.0,0.0,1.0,0.0,0.0,0.345,0.655,0.0,0.6974,0.3026,0.0,0.1051,0.8949,0.0,0.108,0.892,0.0,0.0
1.0,0.0,0.0,0.0,0.0,0.0,0.0,1.0,0.0,0.0,0.0,1.0,0.0,1.0,0.0,0.0,1.0,0.0,0.0,0.18,0.82,0.0,1.0,0.0,0.0,0.0,0.0,1.0,0.9576,0.0424,0.0,0.0
0.0,0.6429,0.3571,0.0,0.0,1.0,0.0,0.0,0.0,1.0,0.0,0.0,0.0,1.0,0.0,0.0,0.0,0.9468,0.0532,0.0,0.6267,0.3733,0.5658,0.4342,0.0,1.0,0.0,0.0,0.0,0.0,0.9136,0.0864
1.0,0.0,0.0,0.0,0.0,0.6651,0.3349,0.0,0.0,0.0,0.0,1.0,0.0,1.0,0.0,0.0,0.0,0.6732,0.3268,1.0,0.0,0.0,0.3895,0.6105,0.0,0.0,0.9011,0.0989,0.0,0.442,0.558,0.0
0.0,0.0,0.7289,0.2711,1.0,0.0,0.0,0.0,0.0,0.875,0.125,0.0,0.0,1.0,0.0,0.0,0.0,0.476,0.524,0.325,0.675,0.0,0.0,0.4532,0.5468,1.0,0.0,0.0,0.0,0.0967,0.9033,0.0
0.0,0.0,0.0,1.0,0.0,0.0,0.0,1.0,0.0,0.125,0.875,0.0,0.0,1.0,0.0,0.0,1.0,0.0,0.0,0.0,0.4133,0.5867,1.0,0.0,0.0,1.0,0.0,0.0,0.0,0.9007,0.0993,0.0
0.0,0.068,0.932,0.0,1.0,0.0,0.0,0.0,0.0,1.0,0.0,0.0,0.0,1.0,0.0,0.0,0.0,0.7912,0.2088,0.0,0.34,0.66,1.0,0.0,0.0,0.3919,0.6081,0.0,0.0,0.0,0.7,0.3
0.0,0.0,0.0,1.0,1.0,0.0,0.0,0.0,0.0,1.0,0.0,0.0,0.0,1.0,0.0,0.0,1.0,0.0,0.0,0.69,0.31,0.0,0.0,0.4839,0.5161,0.0,0.0,1.0,0.0464,0.9536,0.0,0.0
1.0,0.0,0.0,0.0,0.0,0.0,0.0,1.0,0.0,1.0,0.0,0.0,0.0,1.0,0.0,0.0,1.0,0.0,0.0,0.0,0.0,1.0,1.0,0.0,0.0,0.0,0.0,1.0,1.0,0.0,0.0,0.0
1.0,0.0,0.0,0.0,1.0,0.0,0.0,0.0,0.0,0.875,0.125,0.0,0.0,1.0,0.0,0.0,0.0,0.4838,0.5162,0.345,0.655,0.0,0.0,0.4887,0.5113,0.0,0.0615,0.9385,0.192,0.808,0.0,0.0
0.0,0.0,0.2449,0.7551,0.0,0.0,0.7634,0.2366,0.0,0.0,0.375,0.625,0.0,1.0,0.0,0.0,1.0,0.0,0.0,0.67,0.33,0.0,1.0,0.0,0.0,0.3051,0.6949,0.0,0.0,0.8953,0.1047,0.0
1.0,0.0,0.0,0.0,0.0,0.0,0.0,1.0,0.0,0.1875,0.8125,0.0,0.0,1.0,0.0,0.0,1.0,0.0,0.0,0.0,0.4467,0.5533,1.0,0.0,0.0,0.0,0.0,1.0,1.0,0.0,0.0,0.0
0.0,1.0,0.0,0.0,0.0,1.0,0.0,0.0,0.0,1.0,0.0,0.0,0.0,1.0,0.0,0.0,0.2414,0.7586,0.0,0.0,0.76,0.24,1.0,0.0,0.0,0.6101,0.3899,0.0,0.0,0.58,0.42,0.0
0.0,1.0,0.0,0.0,0.0,1.0,0.0,0.0,0.0,0.25,0.75,0.0,0.0,1.0,0.0,0.0,0.0014,0.9986,0.0,0.0,0.0,1.0,1.0,0.0,0.0,1.0,0.0,0.0,0.0,0.3553,0.6447,0.0
0.0,0.0,0.0,1.0,0.0,0.0,0.0,1.0,0.0,0.0,0.0,1.0,0.0,1.0,0.0,0.0,1.0,0.0,0.0,0.31,0.69,0.0,1.0,0.0,0.0,0.7697,0.2303,0.0,0.0,0.5827,0.4173,0.0
0.0,0.0,0.7522,0.2478,0.0,0.4354,0.5646,0.0,0.0,0.0,0.5625,0.4375,0.0,1.0,0.0,0.0,1.0,0.0,0.0,0.0,0.0,1.0,1.0,0.0,0.0,1.0,0.0,0.0,0.88,0.12,0.0,0.0
0.0,0.7177,0.2823,0.0,0.0,1.0,0.0,0.0,0.0,0.375,0.625,0.0,0.0,1.0,0.0,0.0,1.0,0.0,0.0,0.0,0.0,1.0,1.0,0.0,0.0,0.0,0.0,1.0,0.6008,0.3992,0.0,0.0
0.0,0.0,0.0,1.0,0.0,0.0,0.0699,0.9301,0.0,0.0,0.0,1.0,0.0,1.0,0.0,0.0,1.0,0.0,0.0,0.875,0.125,0.0,0.6316,0.3684,0.0,1.0,0.0,0.0,0.0,0.41,0.59,0.0
0.0,0.0,0.793,0.207,0.0,0.488,0.512,0.0,0.0,0.0,0.0,1.0,0.0,1.0,0.0,0.0,0.0,0.5201,0.4799,0.86,0.14,0.0,1.0,0.0,0.0,1.0,0.0,0.0,0.0,0.2853,0.7147,0.0
1.0,0.0,0.0,0.0,0.0,0.0,0.0,1.0,0.0,0.0,0.0,1.0,0.0,1.0,0.0,0.0,1.0,0.0,0.0,1.0,0.0,0.0,0.6658,0.3342,0.0,0.0,0.0,1.0,0.9664,0.0336,0.0,0.0
0.0,0.0,0.8776,0.1224,1.0,0.0,0.0,0.0,0.0,1.0,0.0,0.0,0.0,1.0,0.0,0.0,0.0,0.6018,0.3982,0.0,0.0,1.0,1.0,0.0,0.0,1.0,0.0,0.0,0.0,0.6053,0.3947,0.0
1.0,0.0,0.0,0.0,1.0,0.0,0.0,0.0,0.0,1.0,0.0,0.0,0.0,1.0,0.0,0.0,0.0,0.0,1.0,0.0,0.6533,0.3467,0.0,0.271,0.729,0.9919,0.0081,0.0,0.0,0.2293,0.7707,0.0
0.0,0.0,0.6152,0.3848,0.0,0.2584,0.7416,0.0,0.0,0.0,0.0,1.0,0.0,1.0,0.0,0.0,1.0,0.0,0.0,0.495,0.505,0.0,0.3868,0.6132,0.0,1.0,0.0,0.0,0.0,0.988,0.012,0.0
0.0,0.0,0.0,1.0,1.0,0.0,0.0,0.0,0.0,1.0,0.0,0.0,0.0,1.0,0.0,0.0,1.0,0.0,0.0,0.0,0.0,1.0,0.0,0.4548,0.5452,1.0,0.0,0.0,0.0512,0.9488,0.0,0.0
0.0,0.0,0.793,0.207,1.0,0.0,0.0,0.0,0.0,0.0,0.625,0.375,0.0,1.0,0.0,0.0,0.0,0.5188,0.4812,0.855,0.145,0.0,1.0,0.0,0.0,0.0,0.4615,0.5385,0.0,0.0,0.776,0.224
1.0,0.0,0.0,0.0,0.0,1.0,0.0,0.0,0.0,0.0,0.75,0.25,0.0,1.0,0.0,0.0,0.0,0.5863,0.4137,0.0,0.2667,0.7333,0.2263,0.7737,0.0,1.0,0.0,0.0,0.0,0.8253,0.1747,0.0
1.0,0.0,0.0,0.0,0.0,0.0,0.0,1.0,0.0,0.0,0.0,1.0,0.0,1.0,0.0,0.0,1.0,0.0,0.0,0.92,0.08,0.0,0.0,0.6258,0.3742,0.1475,0.8525,0.0,0.9544,0.0456,0.0,0.0
0.0,0.0,0.0991,0.9009,0.0,0.0,0.5538,0.4462,0.0,0.0,0.0625,0.9375,0.0,1.0,0.0,0.0,1.0,0.0,0.0,0.575,0.425,0.0,1.0,0.0,0.0,0.0,0.8725,0.1275,0.0,0.0,0.8312,0.1688
0.0,0.0,0.9563,0.0437,0.0,0.6938,0.3062,0.0,0.0,1.0,0.0,0.0,0.0,1.0,0.0,0.0,0.0,0.677,0.323,0.0,0.0,1.0,1.0,0.0,0.0,1.0,0.0,0.0,0.0,0.0,0.1184,0.8816
0.0,0.0,0.1691,0.8309,1.0,0.0,0.0,0.0,0.0,1.0,0.0,0.0,0.0,1.0,0.0,0.0,0.0,0.3722,0.6278,0.0,0.6333,0.3667,1.0,0.0,0.0,0.1111,0.8889,0.0,0.0,0.0,0.0,1.0
0.0,0.0,0.0,1.0,1.0,0.0,0.0,0.0,0.0,1.0,0.0,0.0,0.0,1.0,0.0,0.0,0.0,0.0,1.0,0.0,0.58,0.42,1.0,0.0,0.0,0.4566,0.5434,0.0,0.0,0.0,0.0,1.0
0.0,0.2313,0.7687,0.0,0.0,1.0,0.0,0.0,0.0,0.0,0.9375,0.0625,0.0,1.0,0.0,0.0,0.0,0.9105,0.0895,0.63,0.37,0.0,1.0,0.0,0.0,0.0,0.4418,0.5582,0.0,0.0,0.1736,0.8264
0.0,1.0,0.0,0.0,0.0,1.0,0.0,0.0,0.0,0.6875,0.3125,0.0,0.0,1.0,0.0,0.0,0.2853,0.7147,0.0,0.0,0.4133,0.5867,1.0,0.0,0.0,0.0,0.0791,0.9209,0.0,0.6067,0.3933,0.0
1.0,0.0,0.0,0.0,0.0,0.0,0.0,1.0,0.0,0.0,0.0,1.0,0.0,1.0,0.0,0.0,1.0,0.0,0.0,0.17,0.83,0.0,0.0,0.1081,0.8919,1.0,0.0,0.0,0.7576,0.2424,0.0,0.0
0.0,0.0,0.0,1.0,1.0,0.0,0.0,0.0,0.0,0.0,0.1875,0.8125,0.0,1.0,0.0,0.0,1.0,0.0,0.0,0.235,0.765,0.0,0.0,0.129,0.871,1.0,0.0,0.0,0.0,0.3427,0.6573,0.0
0.0,0.0,0.0,1.0,0.0,0.0,0.0,1.0,0.0,0.0,0.0,1.0,0.0,1.0,0.0,0.0,1.0,0.0,0.0,0.0,0.0,1.0,1.0,0.0,0.0,1.0,0.0,0.0,0.0,0.4793,0.5207,0.0
1.0,0.0,0.0,0.0,0.0,0.689,0.311,0.0,0.0,1.0,0.0,0.0,0.0,1.0,0.0,0.0,0.0,0.6732,0.3268,0.0,0.9067,0.0933,1.0,0.0,0.0,0.0,0.2154,0.7846,0.0,0.0,0.9888,0.0112
1.0,0.0,0.0,0.0,0.0,0.0,0.7258,0.2742,0.0,1.0,0.0,0.0,0.0,1.0,0.0,0.0,0.0,0.4163,0.5837,0.0,0.0,1.0,1.0,0.0,0.0,0.8667,0.1333,0.0,0.0,0.1627,0.8373,0.0
0.0,0.517,0.483,0.0,0.0,1.0,0.0,0.0,0.0,0.125,0.875,0.0,0.0,1.0,0.0,0.0,0.0,0.8132,0.1868,0.0,0.8267,0.1733,1.0,0.0,0.0,1.0,0.0,0.0,0.0,0.0,0.896,0.104
0.0,0.0,0.105,0.895,1.0,0.0,0.0,0.0,0.0,0.3125,0.6875,0.0,0.0,1.0,0.0,0.0,0.0,0.3165,0.6835,0.55,0.45,0.0,1.0,0.0,0.0,0.0,0.7692,0.2308,0.0,0.0,0.0,1.0
1.0,0.0,0.0,0.0,0.0,0.0,0.0,1.0,0.0,0.0,0.0,1.0,0.0,1.0,0.0,0.0,0.0,0.0,1.0,0.0,0.4467,0.5533,1.0,0.0,0.0,0.0222,0.9778,0.0,0.0,0.1087,0.8913,0.0
0.0,0.0,0.0,1.0,0.0,0.0,0.0,1.0,0.0,1.0,0.0,0.0,0.0,1.0,0.0,0.0,1.0,0.0,0.0,0.305,0.695,0.0,1.0,0.0,0.0,0.8869,0.1131,0.0,0.0,0.6127,0.3873,0.0
0.0,0.0,0.6239,0.3761,1.0,0.0,0.0,0.0,0.0,0.5625,0.4375,0.0,0.0,1.0,0.0,0.0,0.0,0.3567,0.6433,0.0,0.9467,0.0533,0.4474,0.5526,0.0,1.0,0.0,0.0,0.0,0.0,0.2056,0.7944
1.0,0.0,0.0,0.0,0.0,0.0,0.0,1.0,0.0,0.0,0.0,1.0,0.0,1.0,0.0,0.0,1.0,0.0,0.0,0.19,0.81,0.0,1.0,0.0,0.0,0.0,0.0,1.0,0.9928,0.0072,0.0,0.0
1.0,0.0,0.0,0.0,0.0,0.4211,0.5789,0.0,0.0,0.0,0.5625,0.4375,0.0,1.0,0.0,0.0,0.0,0.4695,0.5305,0.755,0.245,0.0,1.0,0.0,0.0,0.0,0.9253,0.0747,0.0,0.2693,0.7307,0.0
1.0,0.0,0.0,0.0,0.0,0.0,0.6505,0.3495,0.0,0.0,0.0,1.0,0.0,1.0,0.0,0.0,0.0,0.3709,0.6291,0.125,0.875,0.0,1.0,0.0,0.0,0.0,0.9956,0.0044,0.0,0.3487,0.6513,0.0
0.0,0.0,0.1778,0.8222,0.0,0.0,0.6613,0.3387,0.0,1.0,0.0,0.0,0.0,1.0,0.0,0.0,1.0,0.0,0.0,0.0,0.0,1.0,1.0,0.0,0.0,1.0,0.0,0.0,0.0,0.4847,0.5153,0.0
0.0,0.5,0.5,0.0,1.0,0.0,0.0,0.0,0.0,1.0,0.0,0.0,0.0,1.0,0.0,0.0,0.0,0.799,0.201,0.38,0.62,0.0,1.0,0.0,0.0,0.0,0.0,1.0,0.0,0.024,0.976,0.0
1.0,0.0,0.0,0.0,0.0,0.689,0.311,0.0,0.0,0.0,0.0,1.0,0.0,1.0,0.0,0.0,0.0,0.6719,0.3281,0.0,0.0,1.0,1.0,0.0,0.0,0.7131,0.2869,0.0,0.0,0.708,0.292,0.0
0.0,0.8401,0.1599,0.0,0.0,1.0,0.0,0.0,0.0,1.0,0.0,0.0,0.0,1.0,0.0,0.0,0.1152,0.8848,0.0,0.0,0.3,0.7,1.0,0.0,0.0,0.0,0.7604,0.2396,0.0,0.064,0.936,0.0
0.0,0.0,0.0,1.0,1.0,0.0,0.0,0.0,0.0,0.0,0.0,1.0,0.0,1.0,0.0,0.0,1.0,0.0,0.0,0.83,0.17,0.0,0.0,0.0,1.0,1.0,0.0,0.0,0.0,0.2027,0.7973,0.0
0.0,0.0,0.0,1.0,1.0,0.0,0.0,0.0,0.0,0.0,0.0,1.0,0.0,1.0,0.0,0.0,1.0,0.0,0.0,0.09,0.91,0.0,1.0,0.0,0.0,0.0,0.0,1.0,0.0,0.3053,0.6947,0.0
0.0,0.6701,0.3299,0.0,0.0,1.0,0.0,0.0,0.0,0.3125,0.6875,0.0,0.0,1.0,0.0,0.0,0.0,0.9546,0.0454,0.27,0.73,0.0,1.0,0.0,0.0,0.2263,0.7737,0.0,0.0,0.0,0.8576,0.1424
1.0,0.0,0.0,0.0,0.0,0.2775,0.7225,0.0,0.0,0.0,0.375,0.625,0.0,1.0,0.0,0.0,0.0,0.3606,0.6394,0.0,0.2667,0.7333,1.0,0.0,0.0,0.0,0.2549,0.7451,0.0,0.7547,0.2453,0.0
0.0,0.0,0.8921,0.1079,0.0,0.6124,0.3876,0.0,0.0,1.0,0.0,0.0,0.0,1.0,0.0,0.0,1.0,0.0,0.0,0.0,0.4867,0.5133,1.0,0.0,0.0,0.0,0.989,0.011,0.304,0.696,0.0,0.0
0.0,0.0,0.0,1.0,1.0,0.0,0.0,0.0,0.0,0.0,0.0,1.0,0.0,1.0,0.0,0.0,1.0,0.0,0.0,0.47,0.53,0.0,0.0,0.6516,0.3484,0.0,0.7934,0.2066,0.0,0.6487,0.3513,0.0
0.0,1.0,0.0,0.0,0.0,1.0,0.0,0.0,0.0,0.5,0.5,0.0,0.0,1.0,0.0,0.0,0.1646,0.8354,0.0,0.0,0.0,1.0,1.0,0.0,0.0,0.3636,0.6364,0.0,0.0,0.6733,0.3267,0.0
